seqnames	start	end	width	strand	original	replacement	shift	length	Tm	GC
tyr82cys	400	401	1	+	A	G	0	NA	NA	NA
tyr82cys	383	384	1	+	T	C	-17	NA	NA	NA
tyr82cys	386	387	1	+	T	C	-14	NA	NA	NA
tyr82cys	392	393	1	+	A	T	-8	NA	NA	NA
tyr82cys	392	393	1	+	A	C	-8	NA	NA	NA
tyr82cys	392	393	1	+	A	G	-8	NA	NA	NA
tyr82cys	395	396	1	+	C	T	-5	NA	NA	NA
tyr82cys	395	396	1	+	C	A	-5	NA	NA	NA
tyr82cys	395	396	1	+	C	G	-5	NA	NA	NA
tyr82cys	396	397	1	+	A	C	-4	NA	NA	NA
tyr82cys	398	399	1	+	A	G	-2	NA	NA	NA
tyr82cys	405	406	1	+	C	T	5	NA	NA	NA
tyr82cys	407	408	1	+	A	T	7	NA	NA	NA
tyr82cys	407	408	1	+	A	C	7	NA	NA	NA
tyr82cys	407	408	1	+	A	G	7	NA	NA	NA
tyr82cys	410	411	1	+	T	C	10	NA	NA	NA
tyr82cys	413	414	1	+	G	T	13	NA	NA	NA
tyr82cys	413	414	1	+	G	C	13	NA	NA	NA
tyr82cys	413	414	1	+	G	A	13	NA	NA	NA
tyr82cys	416	417	1	+	T	C	16	NA	NA	NA
tyr82cys	419	420	1	+	C	T	19	NA	NA	NA
tyr82cys	352	372	20	+	TGGTGCTCAGGACTGATGAA	NA	-29	NA	NA	NA
tyr82cys	353	373	20	+	GGTGCTCAGGACTGATGAAA	NA	-28	NA	NA	NA
tyr82cys	367	387	20	+	ATGAAAGGGATGTGAATTAT	NA	-14	NA	NA	NA
tyr82cys	382	402	20	+	ATTATTGGACATCCAGATGC	NA	1	NA	NA	NA
tyr82cys	390	410	20	+	ACATCCAGATGCTGGCTAAA	NA	9	NA	NA	NA
tyr82cys	391	411	20	+	CATCCAGATGCTGGCTAAAT	NA	10	NA	NA	NA
tyr82cys	392	412	20	+	ATCCAGATGCTGGCTAAATG	NA	11	NA	NA	NA
tyr82cys	405	425	20	+	CTAAATGGGGATTTCCGCAA	NA	24	NA	NA	NA
tyr82cys	397	417	20	-	ATCCCCATTTAGCCAGCATC	NA	-3	NA	NA	NA
tyr82cys	422	442	20	-	TCAGGGACACATCTCCTTTG	NA	22	NA	NA	NA
tyr82cys	351	451	100	+	NA	GTGGTGCTCAGGACTGATGAAAGGGATGTGAACTATTGGACTTCCAGATACTGGTTAAATGGGGATTTCCGCAAAGGAGATGTGTCCCTGACCATAGAGA	0	NA	NA	NA
tyr82cys	321	421	100	+	NA	GGAGCCTGTCCTGTGTTTGAATGTGGCAACGTGGTGCTCAGGACTGATGAAAGGGATGTGAATTACTGGACATCTAGATACTGGCTTAATGGGGATTTCC	-30	NA	NA	NA
tyr82cys	331	431	100	+	NA	CTGTGTTTGAATGTGGCAACGTGGTGCTCAGGACTGATGAAAGGGATGTGAATTATTGGACCTCCAGATACTGGCTAAACGGTGATTTCCGCAAAGGAGA	-20	NA	NA	NA
tyr82cys	341	441	100	+	NA	ATGTGGCAACGTGGTGCTCAGGACTGATGAAAGGGATGTGAATTATTGGACGTCACGATACTGGCTAAATGGGGATTTCCGCAAAGGAGATGTGTCCCTG	-10	NA	NA	NA
tyr82cys	361	461	100	+	NA	GGACTGATGAAAGGGATGTGAATTATTGGACATCGAGATACTGGCTCAATGGCGATTTCCGCAAAGGAGATGTGTCCCTGACCATAGAGAATGTGACTCT	10	NA	NA	NA
tyr82cys	371	471	100	+	NA	AAGGGATGTGAATTATTGGACATCCAGGTACTGGCTGAATGGAGATTTCCGCAAAGGAGATGTGTCCCTGACCATAGAGAATGTGACTCTAGCAGACAGT	20	NA	NA	NA
tyr82cys	381	481	100	+	NA	AACTATTGGACATCCAGATACTGGCTAAATGGGGACTTTCGCAAAGGAGATGTGTCCCTGACCATAGAGAATGTGACTCTAGCAGACAGTGGGATCTACT	30	NA	NA	NA
tyr82cys	394	414	20	+	CCAGATACTGGTTAAATGGGG	NA	-6	20	50.8552830243589	0.476190476190476
tyr82cys	383	404	21	+	CTATTGGACTTCCAGATACTGG	NA	-17	21	51.2665384356143	0.454545454545455
tyr82cys	393	414	21	+	TCCAGATACTGGTTAAATGGGG	NA	-7	21	51.2665384356143	0.454545454545455
tyr82cys	394	415	21	+	CCAGATACTGGTTAAATGGGGA	NA	-6	21	51.2665384356143	0.454545454545455
tyr82cys	382	404	22	+	ACTATTGGACTTCCAGATACTGG	NA	-18	22	51.6420325067605	0.434782608695652
tyr82cys	383	405	22	+	CTATTGGACTTCCAGATACTGGT	NA	-17	22	51.6420325067605	0.434782608695652
tyr82cys	391	413	22	+	CTTCCAGATACTGGTTAAATGGG	NA	-9	22	51.6420325067605	0.434782608695652
tyr82cys	392	414	22	+	TTCCAGATACTGGTTAAATGGGG	NA	-8	22	51.6420325067605	0.434782608695652
tyr82cys	393	415	22	+	TCCAGATACTGGTTAAATGGGGA	NA	-7	22	51.6420325067605	0.434782608695652
tyr82cys	394	416	22	+	CCAGATACTGGTTAAATGGGGAT	NA	-6	22	51.6420325067605	0.434782608695652
tyr82cys	382	405	23	+	ACTATTGGACTTCCAGATACTGGT	NA	-18	23	51.9862354053112	0.416666666666667
tyr82cys	383	406	23	+	CTATTGGACTTCCAGATACTGGTT	NA	-17	23	51.9862354053112	0.416666666666667
tyr82cys	384	407	23	+	TATTGGACTTCCAGATACTGGTTA	NA	-16	23	50.2779020719779	0.375
tyr82cys	385	408	23	+	ATTGGACTTCCAGATACTGGTTAA	NA	-15	23	50.2779020719779	0.375
tyr82cys	386	409	23	+	TTGGACTTCCAGATACTGGTTAAA	NA	-14	23	50.2779020719779	0.375
tyr82cys	387	410	23	+	TGGACTTCCAGATACTGGTTAAAT	NA	-13	23	50.2779020719779	0.375
tyr82cys	388	411	23	+	GGACTTCCAGATACTGGTTAAATG	NA	-12	23	51.9862354053112	0.416666666666667
tyr82cys	389	412	23	+	GACTTCCAGATACTGGTTAAATGG	NA	-11	23	51.9862354053112	0.416666666666667
tyr82cys	390	413	23	+	ACTTCCAGATACTGGTTAAATGGG	NA	-10	23	51.9862354053112	0.416666666666667
tyr82cys	391	414	23	+	CTTCCAGATACTGGTTAAATGGGG	NA	-9	23	53.6945687386446	0.458333333333333
tyr82cys	392	415	23	+	TTCCAGATACTGGTTAAATGGGGA	NA	-8	23	51.9862354053112	0.416666666666667
tyr82cys	393	416	23	+	TCCAGATACTGGTTAAATGGGGAT	NA	-7	23	51.9862354053112	0.416666666666667
tyr82cys	394	417	23	+	CCAGATACTGGTTAAATGGGGATT	NA	-6	23	51.9862354053112	0.416666666666667
tyr82cys	395	418	23	+	CAGATACTGGTTAAATGGGGATTT	NA	-5	23	50.2779020719779	0.375
tyr82cys	382	406	24	+	ACTATTGGACTTCCAGATACTGGTT	NA	-18	24	52.3029020719779	0.4
tyr82cys	383	407	24	+	CTATTGGACTTCCAGATACTGGTTA	NA	-17	24	52.3029020719779	0.4
tyr82cys	384	408	24	+	TATTGGACTTCCAGATACTGGTTAA	NA	-16	24	50.6629020719779	0.36
tyr82cys	385	409	24	+	ATTGGACTTCCAGATACTGGTTAAA	NA	-15	24	50.6629020719779	0.36
tyr82cys	386	410	24	+	TTGGACTTCCAGATACTGGTTAAAT	NA	-14	24	50.6629020719779	0.36
tyr82cys	387	411	24	+	TGGACTTCCAGATACTGGTTAAATG	NA	-13	24	52.3029020719779	0.4
tyr82cys	388	412	24	+	GGACTTCCAGATACTGGTTAAATGG	NA	-12	24	53.9429020719779	0.44
tyr82cys	389	413	24	+	GACTTCCAGATACTGGTTAAATGGG	NA	-11	24	53.9429020719779	0.44
tyr82cys	390	414	24	+	ACTTCCAGATACTGGTTAAATGGGG	NA	-10	24	53.9429020719779	0.44
tyr82cys	391	415	24	+	CTTCCAGATACTGGTTAAATGGGGA	NA	-9	24	53.9429020719779	0.44
tyr82cys	392	416	24	+	TTCCAGATACTGGTTAAATGGGGAT	NA	-8	24	52.3029020719779	0.4
tyr82cys	393	417	24	+	TCCAGATACTGGTTAAATGGGGATT	NA	-7	24	52.3029020719779	0.4
tyr82cys	394	418	24	+	CCAGATACTGGTTAAATGGGGATTT	NA	-6	24	52.3029020719779	0.4
tyr82cys	382	407	25	+	ACTATTGGACTTCCAGATACTGGTTA	NA	-18	25	52.5952097642856	0.384615384615385
tyr82cys	383	408	25	+	CTATTGGACTTCCAGATACTGGTTAA	NA	-17	25	52.5952097642856	0.384615384615385
tyr82cys	384	409	25	+	TATTGGACTTCCAGATACTGGTTAAA	NA	-16	25	51.0182866873625	0.346153846153846
tyr82cys	385	410	25	+	ATTGGACTTCCAGATACTGGTTAAAT	NA	-15	25	51.0182866873625	0.346153846153846
tyr82cys	386	411	25	+	TTGGACTTCCAGATACTGGTTAAATG	NA	-14	25	52.5952097642856	0.384615384615385
tyr82cys	387	412	25	+	TGGACTTCCAGATACTGGTTAAATGG	NA	-13	25	54.1721328412087	0.423076923076923
tyr82cys	388	413	25	+	GGACTTCCAGATACTGGTTAAATGGG	NA	-12	25	55.7490559181317	0.461538461538462
tyr82cys	389	414	25	+	GACTTCCAGATACTGGTTAAATGGGG	NA	-11	25	55.7490559181317	0.461538461538462
tyr82cys	390	415	25	+	ACTTCCAGATACTGGTTAAATGGGGA	NA	-10	25	54.1721328412087	0.423076923076923
tyr82cys	391	416	25	+	CTTCCAGATACTGGTTAAATGGGGAT	NA	-9	25	54.1721328412087	0.423076923076923
tyr82cys	392	417	25	+	TTCCAGATACTGGTTAAATGGGGATT	NA	-8	25	52.5952097642856	0.384615384615385
tyr82cys	393	418	25	+	TCCAGATACTGGTTAAATGGGGATTT	NA	-7	25	52.5952097642856	0.384615384615385
tyr82cys	386	405	19	+	CTGGACATCTAGATACTGGC	NA	-14	19	50.4029020719779	0.5
tyr82cys	385	405	20	+	ACTGGACATCTAGATACTGGC	NA	-15	20	50.8552830243589	0.476190476190476
tyr82cys	386	406	20	+	CTGGACATCTAGATACTGGCT	NA	-14	20	50.8552830243589	0.476190476190476
tyr82cys	394	414	20	+	CTAGATACTGGCTTAATGGGG	NA	-6	20	50.8552830243589	0.476190476190476
tyr82cys	384	405	21	+	TACTGGACATCTAGATACTGGC	NA	-16	21	51.2665384356143	0.454545454545455
tyr82cys	385	406	21	+	ACTGGACATCTAGATACTGGCT	NA	-15	21	51.2665384356143	0.454545454545455
tyr82cys	386	407	21	+	CTGGACATCTAGATACTGGCTT	NA	-14	21	51.2665384356143	0.454545454545455
tyr82cys	393	414	21	+	TCTAGATACTGGCTTAATGGGG	NA	-7	21	51.2665384356143	0.454545454545455
tyr82cys	394	415	21	+	CTAGATACTGGCTTAATGGGGA	NA	-6	21	51.2665384356143	0.454545454545455
tyr82cys	383	405	22	+	TTACTGGACATCTAGATACTGGC	NA	-17	22	51.6420325067605	0.434782608695652
tyr82cys	384	406	22	+	TACTGGACATCTAGATACTGGCT	NA	-16	22	51.6420325067605	0.434782608695652
tyr82cys	385	407	22	+	ACTGGACATCTAGATACTGGCTT	NA	-15	22	51.6420325067605	0.434782608695652
tyr82cys	386	408	22	+	CTGGACATCTAGATACTGGCTTA	NA	-14	22	51.6420325067605	0.434782608695652
tyr82cys	391	413	22	+	CATCTAGATACTGGCTTAATGGG	NA	-9	22	51.6420325067605	0.434782608695652
tyr82cys	392	414	22	+	ATCTAGATACTGGCTTAATGGGG	NA	-8	22	51.6420325067605	0.434782608695652
tyr82cys	393	415	22	+	TCTAGATACTGGCTTAATGGGGA	NA	-7	22	51.6420325067605	0.434782608695652
tyr82cys	394	416	22	+	CTAGATACTGGCTTAATGGGGAT	NA	-6	22	51.6420325067605	0.434782608695652
tyr82cys	382	405	23	+	ATTACTGGACATCTAGATACTGGC	NA	-18	23	51.9862354053112	0.416666666666667
tyr82cys	383	406	23	+	TTACTGGACATCTAGATACTGGCT	NA	-17	23	51.9862354053112	0.416666666666667
tyr82cys	384	407	23	+	TACTGGACATCTAGATACTGGCTT	NA	-16	23	51.9862354053112	0.416666666666667
tyr82cys	385	408	23	+	ACTGGACATCTAGATACTGGCTTA	NA	-15	23	51.9862354053112	0.416666666666667
tyr82cys	386	409	23	+	CTGGACATCTAGATACTGGCTTAA	NA	-14	23	51.9862354053112	0.416666666666667
tyr82cys	387	410	23	+	TGGACATCTAGATACTGGCTTAAT	NA	-13	23	50.2779020719779	0.375
tyr82cys	388	411	23	+	GGACATCTAGATACTGGCTTAATG	NA	-12	23	51.9862354053112	0.416666666666667
tyr82cys	389	412	23	+	GACATCTAGATACTGGCTTAATGG	NA	-11	23	51.9862354053112	0.416666666666667
tyr82cys	390	413	23	+	ACATCTAGATACTGGCTTAATGGG	NA	-10	23	51.9862354053112	0.416666666666667
tyr82cys	391	414	23	+	CATCTAGATACTGGCTTAATGGGG	NA	-9	23	53.6945687386446	0.458333333333333
tyr82cys	392	415	23	+	ATCTAGATACTGGCTTAATGGGGA	NA	-8	23	51.9862354053112	0.416666666666667
tyr82cys	393	416	23	+	TCTAGATACTGGCTTAATGGGGAT	NA	-7	23	51.9862354053112	0.416666666666667
tyr82cys	394	417	23	+	CTAGATACTGGCTTAATGGGGATT	NA	-6	23	51.9862354053112	0.416666666666667
tyr82cys	395	418	23	+	TAGATACTGGCTTAATGGGGATTT	NA	-5	23	50.2779020719779	0.375
tyr82cys	382	406	24	+	ATTACTGGACATCTAGATACTGGCT	NA	-18	24	52.3029020719779	0.4
tyr82cys	383	407	24	+	TTACTGGACATCTAGATACTGGCTT	NA	-17	24	52.3029020719779	0.4
tyr82cys	384	408	24	+	TACTGGACATCTAGATACTGGCTTA	NA	-16	24	52.3029020719779	0.4
tyr82cys	385	409	24	+	ACTGGACATCTAGATACTGGCTTAA	NA	-15	24	52.3029020719779	0.4
tyr82cys	386	410	24	+	CTGGACATCTAGATACTGGCTTAAT	NA	-14	24	52.3029020719779	0.4
tyr82cys	387	411	24	+	TGGACATCTAGATACTGGCTTAATG	NA	-13	24	52.3029020719779	0.4
tyr82cys	388	412	24	+	GGACATCTAGATACTGGCTTAATGG	NA	-12	24	53.9429020719779	0.44
tyr82cys	389	413	24	+	GACATCTAGATACTGGCTTAATGGG	NA	-11	24	53.9429020719779	0.44
tyr82cys	390	414	24	+	ACATCTAGATACTGGCTTAATGGGG	NA	-10	24	53.9429020719779	0.44
tyr82cys	391	415	24	+	CATCTAGATACTGGCTTAATGGGGA	NA	-9	24	53.9429020719779	0.44
tyr82cys	392	416	24	+	ATCTAGATACTGGCTTAATGGGGAT	NA	-8	24	52.3029020719779	0.4
tyr82cys	393	417	24	+	TCTAGATACTGGCTTAATGGGGATT	NA	-7	24	52.3029020719779	0.4
tyr82cys	394	418	24	+	CTAGATACTGGCTTAATGGGGATTT	NA	-6	24	52.3029020719779	0.4
tyr82cys	382	407	25	+	ATTACTGGACATCTAGATACTGGCTT	NA	-18	25	52.5952097642856	0.384615384615385
tyr82cys	383	408	25	+	TTACTGGACATCTAGATACTGGCTTA	NA	-17	25	52.5952097642856	0.384615384615385
tyr82cys	384	409	25	+	TACTGGACATCTAGATACTGGCTTAA	NA	-16	25	52.5952097642856	0.384615384615385
tyr82cys	385	410	25	+	ACTGGACATCTAGATACTGGCTTAAT	NA	-15	25	52.5952097642856	0.384615384615385
tyr82cys	386	411	25	+	CTGGACATCTAGATACTGGCTTAATG	NA	-14	25	54.1721328412087	0.423076923076923
tyr82cys	387	412	25	+	TGGACATCTAGATACTGGCTTAATGG	NA	-13	25	54.1721328412087	0.423076923076923
tyr82cys	388	413	25	+	GGACATCTAGATACTGGCTTAATGGG	NA	-12	25	55.7490559181317	0.461538461538462
tyr82cys	389	414	25	+	GACATCTAGATACTGGCTTAATGGGG	NA	-11	25	55.7490559181317	0.461538461538462
tyr82cys	390	415	25	+	ACATCTAGATACTGGCTTAATGGGGA	NA	-10	25	54.1721328412087	0.423076923076923
tyr82cys	391	416	25	+	CATCTAGATACTGGCTTAATGGGGAT	NA	-9	25	54.1721328412087	0.423076923076923
tyr82cys	392	417	25	+	ATCTAGATACTGGCTTAATGGGGATT	NA	-8	25	52.5952097642856	0.384615384615385
tyr82cys	393	418	25	+	TCTAGATACTGGCTTAATGGGGATTT	NA	-7	25	52.5952097642856	0.384615384615385
tyr82cys	385	404	19	+	ATTGGACCTCCAGATACTGG	NA	-15	19	50.4029020719779	0.5
tyr82cys	386	405	19	+	TTGGACCTCCAGATACTGGC	NA	-14	19	52.4529020719779	0.55
tyr82cys	387	406	19	+	TGGACCTCCAGATACTGGCT	NA	-13	19	52.4529020719779	0.55
tyr82cys	388	407	19	+	GGACCTCCAGATACTGGCTA	NA	-12	19	52.4529020719779	0.55
tyr82cys	389	408	19	+	GACCTCCAGATACTGGCTAA	NA	-11	19	50.4029020719779	0.5
tyr82cys	391	410	19	+	CCTCCAGATACTGGCTAAAC	NA	-9	19	50.4029020719779	0.5
tyr82cys	392	411	19	+	CTCCAGATACTGGCTAAACG	NA	-8	19	50.4029020719779	0.5
tyr82cys	393	412	19	+	TCCAGATACTGGCTAAACGG	NA	-7	19	50.4029020719779	0.5
tyr82cys	394	413	19	+	CCAGATACTGGCTAAACGGT	NA	-6	19	50.4029020719779	0.5
tyr82cys	395	414	19	+	CAGATACTGGCTAAACGGTG	NA	-5	19	50.4029020719779	0.5
tyr82cys	384	404	20	+	TATTGGACCTCCAGATACTGG	NA	-16	20	50.8552830243589	0.476190476190476
tyr82cys	385	405	20	+	ATTGGACCTCCAGATACTGGC	NA	-15	20	52.8076639767398	0.523809523809524
tyr82cys	386	406	20	+	TTGGACCTCCAGATACTGGCT	NA	-14	20	52.8076639767398	0.523809523809524
tyr82cys	387	407	20	+	TGGACCTCCAGATACTGGCTA	NA	-13	20	52.8076639767398	0.523809523809524
tyr82cys	388	408	20	+	GGACCTCCAGATACTGGCTAA	NA	-12	20	52.8076639767398	0.523809523809524
tyr82cys	389	409	20	+	GACCTCCAGATACTGGCTAAA	NA	-11	20	50.8552830243589	0.476190476190476
tyr82cys	390	410	20	+	ACCTCCAGATACTGGCTAAAC	NA	-10	20	50.8552830243589	0.476190476190476
tyr82cys	391	411	20	+	CCTCCAGATACTGGCTAAACG	NA	-9	20	52.8076639767398	0.523809523809524
tyr82cys	392	412	20	+	CTCCAGATACTGGCTAAACGG	NA	-8	20	52.8076639767398	0.523809523809524
tyr82cys	393	413	20	+	TCCAGATACTGGCTAAACGGT	NA	-7	20	50.8552830243589	0.476190476190476
tyr82cys	394	414	20	+	CCAGATACTGGCTAAACGGTG	NA	-6	20	52.8076639767398	0.523809523809524
tyr82cys	395	415	20	+	CAGATACTGGCTAAACGGTGA	NA	-5	20	50.8552830243589	0.476190476190476
tyr82cys	383	404	21	+	TTATTGGACCTCCAGATACTGG	NA	-17	21	51.2665384356143	0.454545454545455
tyr82cys	384	405	21	+	TATTGGACCTCCAGATACTGGC	NA	-16	21	53.1301747992506	0.5
tyr82cys	385	406	21	+	ATTGGACCTCCAGATACTGGCT	NA	-15	21	53.1301747992506	0.5
tyr82cys	386	407	21	+	TTGGACCTCCAGATACTGGCTA	NA	-14	21	53.1301747992506	0.5
tyr82cys	387	408	21	+	TGGACCTCCAGATACTGGCTAA	NA	-13	21	53.1301747992506	0.5
tyr82cys	388	409	21	+	GGACCTCCAGATACTGGCTAAA	NA	-12	21	53.1301747992506	0.5
tyr82cys	389	410	21	+	GACCTCCAGATACTGGCTAAAC	NA	-11	21	53.1301747992506	0.5
tyr82cys	390	411	21	+	ACCTCCAGATACTGGCTAAACG	NA	-10	21	53.1301747992506	0.5
tyr82cys	391	412	21	+	CCTCCAGATACTGGCTAAACGG	NA	-9	21	54.993811162887	0.545454545454545
tyr82cys	392	413	21	+	CTCCAGATACTGGCTAAACGGT	NA	-8	21	53.1301747992506	0.5
tyr82cys	393	414	21	+	TCCAGATACTGGCTAAACGGTG	NA	-7	21	53.1301747992506	0.5
tyr82cys	394	415	21	+	CCAGATACTGGCTAAACGGTGA	NA	-6	21	53.1301747992506	0.5
tyr82cys	395	416	21	+	CAGATACTGGCTAAACGGTGAT	NA	-5	21	51.2665384356143	0.454545454545455
tyr82cys	382	404	22	+	ATTATTGGACCTCCAGATACTGG	NA	-18	22	51.6420325067605	0.434782608695652
tyr82cys	383	405	22	+	TTATTGGACCTCCAGATACTGGC	NA	-17	22	53.4246412024127	0.478260869565217
tyr82cys	384	406	22	+	TATTGGACCTCCAGATACTGGCT	NA	-16	22	53.4246412024127	0.478260869565217
tyr82cys	385	407	22	+	ATTGGACCTCCAGATACTGGCTA	NA	-15	22	53.4246412024127	0.478260869565217
tyr82cys	386	408	22	+	TTGGACCTCCAGATACTGGCTAA	NA	-14	22	53.4246412024127	0.478260869565217
tyr82cys	387	409	22	+	TGGACCTCCAGATACTGGCTAAA	NA	-13	22	53.4246412024127	0.478260869565217
tyr82cys	388	410	22	+	GGACCTCCAGATACTGGCTAAAC	NA	-12	22	55.2072498980649	0.521739130434783
tyr82cys	389	411	22	+	GACCTCCAGATACTGGCTAAACG	NA	-11	22	55.2072498980649	0.521739130434783
tyr82cys	390	412	22	+	ACCTCCAGATACTGGCTAAACGG	NA	-10	22	55.2072498980649	0.521739130434783
tyr82cys	391	413	22	+	CCTCCAGATACTGGCTAAACGGT	NA	-9	22	55.2072498980649	0.521739130434783
tyr82cys	392	414	22	+	CTCCAGATACTGGCTAAACGGTG	NA	-8	22	55.2072498980649	0.521739130434783
tyr82cys	393	415	22	+	TCCAGATACTGGCTAAACGGTGA	NA	-7	22	53.4246412024127	0.478260869565217
tyr82cys	394	416	22	+	CCAGATACTGGCTAAACGGTGAT	NA	-6	22	53.4246412024127	0.478260869565217
tyr82cys	395	417	22	+	CAGATACTGGCTAAACGGTGATT	NA	-5	22	51.6420325067605	0.434782608695652
tyr82cys	382	405	23	+	ATTATTGGACCTCCAGATACTGGC	NA	-18	23	53.6945687386446	0.458333333333333
tyr82cys	383	406	23	+	TTATTGGACCTCCAGATACTGGCT	NA	-17	23	53.6945687386446	0.458333333333333
tyr82cys	384	407	23	+	TATTGGACCTCCAGATACTGGCTA	NA	-16	23	53.6945687386446	0.458333333333333
tyr82cys	385	408	23	+	ATTGGACCTCCAGATACTGGCTAA	NA	-15	23	53.6945687386446	0.458333333333333
tyr82cys	386	409	23	+	TTGGACCTCCAGATACTGGCTAAA	NA	-14	23	53.6945687386446	0.458333333333333
tyr82cys	387	410	23	+	TGGACCTCCAGATACTGGCTAAAC	NA	-13	23	55.4029020719779	0.5
tyr82cys	388	411	23	+	GGACCTCCAGATACTGGCTAAACG	NA	-12	23	57.1112354053112	0.541666666666667
tyr82cys	389	412	23	+	GACCTCCAGATACTGGCTAAACGG	NA	-11	23	57.1112354053112	0.541666666666667
tyr82cys	390	413	23	+	ACCTCCAGATACTGGCTAAACGGT	NA	-10	23	55.4029020719779	0.5
tyr82cys	391	414	23	+	CCTCCAGATACTGGCTAAACGGTG	NA	-9	23	57.1112354053112	0.541666666666667
tyr82cys	392	415	23	+	CTCCAGATACTGGCTAAACGGTGA	NA	-8	23	55.4029020719779	0.5
tyr82cys	393	416	23	+	TCCAGATACTGGCTAAACGGTGAT	NA	-7	23	53.6945687386446	0.458333333333333
tyr82cys	394	417	23	+	CCAGATACTGGCTAAACGGTGATT	NA	-6	23	53.6945687386446	0.458333333333333
tyr82cys	395	418	23	+	CAGATACTGGCTAAACGGTGATTT	NA	-5	23	51.9862354053112	0.416666666666667
tyr82cys	382	406	24	+	ATTATTGGACCTCCAGATACTGGCT	NA	-18	24	53.9429020719779	0.44
tyr82cys	383	407	24	+	TTATTGGACCTCCAGATACTGGCTA	NA	-17	24	53.9429020719779	0.44
tyr82cys	384	408	24	+	TATTGGACCTCCAGATACTGGCTAA	NA	-16	24	53.9429020719779	0.44
tyr82cys	385	409	24	+	ATTGGACCTCCAGATACTGGCTAAA	NA	-15	24	53.9429020719779	0.44
tyr82cys	386	410	24	+	TTGGACCTCCAGATACTGGCTAAAC	NA	-14	24	55.5829020719779	0.48
tyr82cys	387	411	24	+	TGGACCTCCAGATACTGGCTAAACG	NA	-13	24	57.2229020719779	0.52
tyr82cys	388	412	24	+	GGACCTCCAGATACTGGCTAAACGG	NA	-12	24	58.8629020719779	0.56
tyr82cys	389	413	24	+	GACCTCCAGATACTGGCTAAACGGT	NA	-11	24	57.2229020719779	0.52
tyr82cys	390	414	24	+	ACCTCCAGATACTGGCTAAACGGTG	NA	-10	24	57.2229020719779	0.52
tyr82cys	391	415	24	+	CCTCCAGATACTGGCTAAACGGTGA	NA	-9	24	57.2229020719779	0.52
tyr82cys	392	416	24	+	CTCCAGATACTGGCTAAACGGTGAT	NA	-8	24	55.5829020719779	0.48
tyr82cys	393	417	24	+	TCCAGATACTGGCTAAACGGTGATT	NA	-7	24	53.9429020719779	0.44
tyr82cys	394	418	24	+	CCAGATACTGGCTAAACGGTGATTT	NA	-6	24	53.9429020719779	0.44
tyr82cys	382	407	25	+	ATTATTGGACCTCCAGATACTGGCTA	NA	-18	25	54.1721328412087	0.423076923076923
tyr82cys	383	408	25	+	TTATTGGACCTCCAGATACTGGCTAA	NA	-17	25	54.1721328412087	0.423076923076923
tyr82cys	384	409	25	+	TATTGGACCTCCAGATACTGGCTAAA	NA	-16	25	54.1721328412087	0.423076923076923
tyr82cys	385	410	25	+	ATTGGACCTCCAGATACTGGCTAAAC	NA	-15	25	55.7490559181317	0.461538461538462
tyr82cys	386	411	25	+	TTGGACCTCCAGATACTGGCTAAACG	NA	-14	25	57.3259789950548	0.5
tyr82cys	387	412	25	+	TGGACCTCCAGATACTGGCTAAACGG	NA	-13	25	58.9029020719779	0.538461538461538
tyr82cys	388	413	25	+	GGACCTCCAGATACTGGCTAAACGGT	NA	-12	25	58.9029020719779	0.538461538461538
tyr82cys	389	414	25	+	GACCTCCAGATACTGGCTAAACGGTG	NA	-11	25	58.9029020719779	0.538461538461538
tyr82cys	390	415	25	+	ACCTCCAGATACTGGCTAAACGGTGA	NA	-10	25	57.3259789950548	0.5
tyr82cys	391	416	25	+	CCTCCAGATACTGGCTAAACGGTGAT	NA	-9	25	57.3259789950548	0.5
tyr82cys	392	417	25	+	CTCCAGATACTGGCTAAACGGTGATT	NA	-8	25	55.7490559181317	0.461538461538462
tyr82cys	393	418	25	+	TCCAGATACTGGCTAAACGGTGATTT	NA	-7	25	54.1721328412087	0.423076923076923
tyr82cys	385	404	19	+	ATTGGACGTCACGATACTGG	NA	-15	19	50.4029020719779	0.5
tyr82cys	386	405	19	+	TTGGACGTCACGATACTGGC	NA	-14	19	52.4529020719779	0.55
tyr82cys	387	406	19	+	TGGACGTCACGATACTGGCT	NA	-13	19	52.4529020719779	0.55
tyr82cys	388	407	19	+	GGACGTCACGATACTGGCTA	NA	-12	19	52.4529020719779	0.55
tyr82cys	389	408	19	+	GACGTCACGATACTGGCTAA	NA	-11	19	50.4029020719779	0.5
tyr82cys	394	413	19	+	CACGATACTGGCTAAATGGG	NA	-6	19	50.4029020719779	0.5
tyr82cys	395	414	19	+	ACGATACTGGCTAAATGGGG	NA	-5	19	50.4029020719779	0.5
tyr82cys	396	415	19	+	CGATACTGGCTAAATGGGGA	NA	-4	19	50.4029020719779	0.5
tyr82cys	384	404	20	+	TATTGGACGTCACGATACTGG	NA	-16	20	50.8552830243589	0.476190476190476
tyr82cys	385	405	20	+	ATTGGACGTCACGATACTGGC	NA	-15	20	52.8076639767398	0.523809523809524
tyr82cys	386	406	20	+	TTGGACGTCACGATACTGGCT	NA	-14	20	52.8076639767398	0.523809523809524
tyr82cys	387	407	20	+	TGGACGTCACGATACTGGCTA	NA	-13	20	52.8076639767398	0.523809523809524
tyr82cys	388	408	20	+	GGACGTCACGATACTGGCTAA	NA	-12	20	52.8076639767398	0.523809523809524
tyr82cys	389	409	20	+	GACGTCACGATACTGGCTAAA	NA	-11	20	50.8552830243589	0.476190476190476
tyr82cys	391	411	20	+	CGTCACGATACTGGCTAAATG	NA	-9	20	50.8552830243589	0.476190476190476
tyr82cys	392	412	20	+	GTCACGATACTGGCTAAATGG	NA	-8	20	50.8552830243589	0.476190476190476
tyr82cys	393	413	20	+	TCACGATACTGGCTAAATGGG	NA	-7	20	50.8552830243589	0.476190476190476
tyr82cys	394	414	20	+	CACGATACTGGCTAAATGGGG	NA	-6	20	52.8076639767398	0.523809523809524
tyr82cys	395	415	20	+	ACGATACTGGCTAAATGGGGA	NA	-5	20	50.8552830243589	0.476190476190476
tyr82cys	396	416	20	+	CGATACTGGCTAAATGGGGAT	NA	-4	20	50.8552830243589	0.476190476190476
tyr82cys	383	404	21	+	TTATTGGACGTCACGATACTGG	NA	-17	21	51.2665384356143	0.454545454545455
tyr82cys	384	405	21	+	TATTGGACGTCACGATACTGGC	NA	-16	21	53.1301747992506	0.5
tyr82cys	385	406	21	+	ATTGGACGTCACGATACTGGCT	NA	-15	21	53.1301747992506	0.5
tyr82cys	386	407	21	+	TTGGACGTCACGATACTGGCTA	NA	-14	21	53.1301747992506	0.5
tyr82cys	387	408	21	+	TGGACGTCACGATACTGGCTAA	NA	-13	21	53.1301747992506	0.5
tyr82cys	388	409	21	+	GGACGTCACGATACTGGCTAAA	NA	-12	21	53.1301747992506	0.5
tyr82cys	389	410	21	+	GACGTCACGATACTGGCTAAAT	NA	-11	21	51.2665384356143	0.454545454545455
tyr82cys	390	411	21	+	ACGTCACGATACTGGCTAAATG	NA	-10	21	51.2665384356143	0.454545454545455
tyr82cys	391	412	21	+	CGTCACGATACTGGCTAAATGG	NA	-9	21	53.1301747992506	0.5
tyr82cys	392	413	21	+	GTCACGATACTGGCTAAATGGG	NA	-8	21	53.1301747992506	0.5
tyr82cys	393	414	21	+	TCACGATACTGGCTAAATGGGG	NA	-7	21	53.1301747992506	0.5
tyr82cys	394	415	21	+	CACGATACTGGCTAAATGGGGA	NA	-6	21	53.1301747992506	0.5
tyr82cys	395	416	21	+	ACGATACTGGCTAAATGGGGAT	NA	-5	21	51.2665384356143	0.454545454545455
tyr82cys	396	417	21	+	CGATACTGGCTAAATGGGGATT	NA	-4	21	51.2665384356143	0.454545454545455
tyr82cys	382	404	22	+	ATTATTGGACGTCACGATACTGG	NA	-18	22	51.6420325067605	0.434782608695652
tyr82cys	383	405	22	+	TTATTGGACGTCACGATACTGGC	NA	-17	22	53.4246412024127	0.478260869565217
tyr82cys	384	406	22	+	TATTGGACGTCACGATACTGGCT	NA	-16	22	53.4246412024127	0.478260869565217
tyr82cys	385	407	22	+	ATTGGACGTCACGATACTGGCTA	NA	-15	22	53.4246412024127	0.478260869565217
tyr82cys	386	408	22	+	TTGGACGTCACGATACTGGCTAA	NA	-14	22	53.4246412024127	0.478260869565217
tyr82cys	387	409	22	+	TGGACGTCACGATACTGGCTAAA	NA	-13	22	53.4246412024127	0.478260869565217
tyr82cys	388	410	22	+	GGACGTCACGATACTGGCTAAAT	NA	-12	22	53.4246412024127	0.478260869565217
tyr82cys	389	411	22	+	GACGTCACGATACTGGCTAAATG	NA	-11	22	53.4246412024127	0.478260869565217
tyr82cys	390	412	22	+	ACGTCACGATACTGGCTAAATGG	NA	-10	22	53.4246412024127	0.478260869565217
tyr82cys	391	413	22	+	CGTCACGATACTGGCTAAATGGG	NA	-9	22	55.2072498980649	0.521739130434783
tyr82cys	392	414	22	+	GTCACGATACTGGCTAAATGGGG	NA	-8	22	55.2072498980649	0.521739130434783
tyr82cys	393	415	22	+	TCACGATACTGGCTAAATGGGGA	NA	-7	22	53.4246412024127	0.478260869565217
tyr82cys	394	416	22	+	CACGATACTGGCTAAATGGGGAT	NA	-6	22	53.4246412024127	0.478260869565217
tyr82cys	395	417	22	+	ACGATACTGGCTAAATGGGGATT	NA	-5	22	51.6420325067605	0.434782608695652
tyr82cys	396	418	22	+	CGATACTGGCTAAATGGGGATTT	NA	-4	22	51.6420325067605	0.434782608695652
tyr82cys	382	405	23	+	ATTATTGGACGTCACGATACTGGC	NA	-18	23	53.6945687386446	0.458333333333333
tyr82cys	383	406	23	+	TTATTGGACGTCACGATACTGGCT	NA	-17	23	53.6945687386446	0.458333333333333
tyr82cys	384	407	23	+	TATTGGACGTCACGATACTGGCTA	NA	-16	23	53.6945687386446	0.458333333333333
tyr82cys	385	408	23	+	ATTGGACGTCACGATACTGGCTAA	NA	-15	23	53.6945687386446	0.458333333333333
tyr82cys	386	409	23	+	TTGGACGTCACGATACTGGCTAAA	NA	-14	23	53.6945687386446	0.458333333333333
tyr82cys	387	410	23	+	TGGACGTCACGATACTGGCTAAAT	NA	-13	23	53.6945687386446	0.458333333333333
tyr82cys	388	411	23	+	GGACGTCACGATACTGGCTAAATG	NA	-12	23	55.4029020719779	0.5
tyr82cys	389	412	23	+	GACGTCACGATACTGGCTAAATGG	NA	-11	23	55.4029020719779	0.5
tyr82cys	390	413	23	+	ACGTCACGATACTGGCTAAATGGG	NA	-10	23	55.4029020719779	0.5
tyr82cys	391	414	23	+	CGTCACGATACTGGCTAAATGGGG	NA	-9	23	57.1112354053112	0.541666666666667
tyr82cys	392	415	23	+	GTCACGATACTGGCTAAATGGGGA	NA	-8	23	55.4029020719779	0.5
tyr82cys	393	416	23	+	TCACGATACTGGCTAAATGGGGAT	NA	-7	23	53.6945687386446	0.458333333333333
tyr82cys	394	417	23	+	CACGATACTGGCTAAATGGGGATT	NA	-6	23	53.6945687386446	0.458333333333333
tyr82cys	395	418	23	+	ACGATACTGGCTAAATGGGGATTT	NA	-5	23	51.9862354053112	0.416666666666667
tyr82cys	382	406	24	+	ATTATTGGACGTCACGATACTGGCT	NA	-18	24	53.9429020719779	0.44
tyr82cys	383	407	24	+	TTATTGGACGTCACGATACTGGCTA	NA	-17	24	53.9429020719779	0.44
tyr82cys	384	408	24	+	TATTGGACGTCACGATACTGGCTAA	NA	-16	24	53.9429020719779	0.44
tyr82cys	385	409	24	+	ATTGGACGTCACGATACTGGCTAAA	NA	-15	24	53.9429020719779	0.44
tyr82cys	386	410	24	+	TTGGACGTCACGATACTGGCTAAAT	NA	-14	24	53.9429020719779	0.44
tyr82cys	387	411	24	+	TGGACGTCACGATACTGGCTAAATG	NA	-13	24	55.5829020719779	0.48
tyr82cys	388	412	24	+	GGACGTCACGATACTGGCTAAATGG	NA	-12	24	57.2229020719779	0.52
tyr82cys	389	413	24	+	GACGTCACGATACTGGCTAAATGGG	NA	-11	24	57.2229020719779	0.52
tyr82cys	390	414	24	+	ACGTCACGATACTGGCTAAATGGGG	NA	-10	24	57.2229020719779	0.52
tyr82cys	391	415	24	+	CGTCACGATACTGGCTAAATGGGGA	NA	-9	24	57.2229020719779	0.52
tyr82cys	392	416	24	+	GTCACGATACTGGCTAAATGGGGAT	NA	-8	24	55.5829020719779	0.48
tyr82cys	393	417	24	+	TCACGATACTGGCTAAATGGGGATT	NA	-7	24	53.9429020719779	0.44
tyr82cys	394	418	24	+	CACGATACTGGCTAAATGGGGATTT	NA	-6	24	53.9429020719779	0.44
tyr82cys	382	407	25	+	ATTATTGGACGTCACGATACTGGCTA	NA	-18	25	54.1721328412087	0.423076923076923
tyr82cys	383	408	25	+	TTATTGGACGTCACGATACTGGCTAA	NA	-17	25	54.1721328412087	0.423076923076923
tyr82cys	384	409	25	+	TATTGGACGTCACGATACTGGCTAAA	NA	-16	25	54.1721328412087	0.423076923076923
tyr82cys	385	410	25	+	ATTGGACGTCACGATACTGGCTAAAT	NA	-15	25	54.1721328412087	0.423076923076923
tyr82cys	386	411	25	+	TTGGACGTCACGATACTGGCTAAATG	NA	-14	25	55.7490559181317	0.461538461538462
tyr82cys	387	412	25	+	TGGACGTCACGATACTGGCTAAATGG	NA	-13	25	57.3259789950548	0.5
tyr82cys	388	413	25	+	GGACGTCACGATACTGGCTAAATGGG	NA	-12	25	58.9029020719779	0.538461538461538
tyr82cys	389	414	25	+	GACGTCACGATACTGGCTAAATGGGG	NA	-11	25	58.9029020719779	0.538461538461538
tyr82cys	390	415	25	+	ACGTCACGATACTGGCTAAATGGGGA	NA	-10	25	57.3259789950548	0.5
tyr82cys	391	416	25	+	CGTCACGATACTGGCTAAATGGGGAT	NA	-9	25	57.3259789950548	0.5
tyr82cys	392	417	25	+	GTCACGATACTGGCTAAATGGGGATT	NA	-8	25	55.7490559181317	0.461538461538462
tyr82cys	393	418	25	+	TCACGATACTGGCTAAATGGGGATTT	NA	-7	25	54.1721328412087	0.423076923076923
tyr82cys	386	405	19	+	TTGGACATCGAGATACTGGC	NA	-14	19	50.4029020719779	0.5
tyr82cys	387	406	19	+	TGGACATCGAGATACTGGCT	NA	-13	19	50.4029020719779	0.5
tyr82cys	388	407	19	+	GGACATCGAGATACTGGCTC	NA	-12	19	52.4529020719779	0.55
tyr82cys	389	408	19	+	GACATCGAGATACTGGCTCA	NA	-11	19	50.4029020719779	0.5
tyr82cys	393	412	19	+	TCGAGATACTGGCTCAATGG	NA	-7	19	50.4029020719779	0.5
tyr82cys	394	413	19	+	CGAGATACTGGCTCAATGGC	NA	-6	19	52.4529020719779	0.55
tyr82cys	395	414	19	+	GAGATACTGGCTCAATGGCG	NA	-5	19	52.4529020719779	0.55
tyr82cys	396	415	19	+	AGATACTGGCTCAATGGCGA	NA	-4	19	50.4029020719779	0.5
tyr82cys	397	416	19	+	GATACTGGCTCAATGGCGAT	NA	-3	19	50.4029020719779	0.5
tyr82cys	385	405	20	+	ATTGGACATCGAGATACTGGC	NA	-15	20	50.8552830243589	0.476190476190476
tyr82cys	386	406	20	+	TTGGACATCGAGATACTGGCT	NA	-14	20	50.8552830243589	0.476190476190476
tyr82cys	387	407	20	+	TGGACATCGAGATACTGGCTC	NA	-13	20	52.8076639767398	0.523809523809524
tyr82cys	388	408	20	+	GGACATCGAGATACTGGCTCA	NA	-12	20	52.8076639767398	0.523809523809524
tyr82cys	389	409	20	+	GACATCGAGATACTGGCTCAA	NA	-11	20	50.8552830243589	0.476190476190476
tyr82cys	391	411	20	+	CATCGAGATACTGGCTCAATG	NA	-9	20	50.8552830243589	0.476190476190476
tyr82cys	392	412	20	+	ATCGAGATACTGGCTCAATGG	NA	-8	20	50.8552830243589	0.476190476190476
tyr82cys	393	413	20	+	TCGAGATACTGGCTCAATGGC	NA	-7	20	52.8076639767398	0.523809523809524
tyr82cys	394	414	20	+	CGAGATACTGGCTCAATGGCG	NA	-6	20	54.7600449291208	0.571428571428571
tyr82cys	395	415	20	+	GAGATACTGGCTCAATGGCGA	NA	-5	20	52.8076639767398	0.523809523809524
tyr82cys	396	416	20	+	AGATACTGGCTCAATGGCGAT	NA	-4	20	50.8552830243589	0.476190476190476
tyr82cys	397	417	20	+	GATACTGGCTCAATGGCGATT	NA	-3	20	50.8552830243589	0.476190476190476
tyr82cys	384	405	21	+	TATTGGACATCGAGATACTGGC	NA	-16	21	51.2665384356143	0.454545454545455
tyr82cys	385	406	21	+	ATTGGACATCGAGATACTGGCT	NA	-15	21	51.2665384356143	0.454545454545455
tyr82cys	386	407	21	+	TTGGACATCGAGATACTGGCTC	NA	-14	21	53.1301747992506	0.5
tyr82cys	387	408	21	+	TGGACATCGAGATACTGGCTCA	NA	-13	21	53.1301747992506	0.5
tyr82cys	388	409	21	+	GGACATCGAGATACTGGCTCAA	NA	-12	21	53.1301747992506	0.5
tyr82cys	389	410	21	+	GACATCGAGATACTGGCTCAAT	NA	-11	21	51.2665384356143	0.454545454545455
tyr82cys	390	411	21	+	ACATCGAGATACTGGCTCAATG	NA	-10	21	51.2665384356143	0.454545454545455
tyr82cys	391	412	21	+	CATCGAGATACTGGCTCAATGG	NA	-9	21	53.1301747992506	0.5
tyr82cys	392	413	21	+	ATCGAGATACTGGCTCAATGGC	NA	-8	21	53.1301747992506	0.5
tyr82cys	393	414	21	+	TCGAGATACTGGCTCAATGGCG	NA	-7	21	54.993811162887	0.545454545454545
tyr82cys	394	415	21	+	CGAGATACTGGCTCAATGGCGA	NA	-6	21	54.993811162887	0.545454545454545
tyr82cys	395	416	21	+	GAGATACTGGCTCAATGGCGAT	NA	-5	21	53.1301747992506	0.5
tyr82cys	396	417	21	+	AGATACTGGCTCAATGGCGATT	NA	-4	21	51.2665384356143	0.454545454545455
tyr82cys	397	418	21	+	GATACTGGCTCAATGGCGATTT	NA	-3	21	51.2665384356143	0.454545454545455
tyr82cys	383	405	22	+	TTATTGGACATCGAGATACTGGC	NA	-17	22	51.6420325067605	0.434782608695652
tyr82cys	384	406	22	+	TATTGGACATCGAGATACTGGCT	NA	-16	22	51.6420325067605	0.434782608695652
tyr82cys	385	407	22	+	ATTGGACATCGAGATACTGGCTC	NA	-15	22	53.4246412024127	0.478260869565217
tyr82cys	386	408	22	+	TTGGACATCGAGATACTGGCTCA	NA	-14	22	53.4246412024127	0.478260869565217
tyr82cys	387	409	22	+	TGGACATCGAGATACTGGCTCAA	NA	-13	22	53.4246412024127	0.478260869565217
tyr82cys	388	410	22	+	GGACATCGAGATACTGGCTCAAT	NA	-12	22	53.4246412024127	0.478260869565217
tyr82cys	389	411	22	+	GACATCGAGATACTGGCTCAATG	NA	-11	22	53.4246412024127	0.478260869565217
tyr82cys	390	412	22	+	ACATCGAGATACTGGCTCAATGG	NA	-10	22	53.4246412024127	0.478260869565217
tyr82cys	391	413	22	+	CATCGAGATACTGGCTCAATGGC	NA	-9	22	55.2072498980649	0.521739130434783
tyr82cys	392	414	22	+	ATCGAGATACTGGCTCAATGGCG	NA	-8	22	55.2072498980649	0.521739130434783
tyr82cys	393	415	22	+	TCGAGATACTGGCTCAATGGCGA	NA	-7	22	55.2072498980649	0.521739130434783
tyr82cys	394	416	22	+	CGAGATACTGGCTCAATGGCGAT	NA	-6	22	55.2072498980649	0.521739130434783
tyr82cys	395	417	22	+	GAGATACTGGCTCAATGGCGATT	NA	-5	22	53.4246412024127	0.478260869565217
tyr82cys	396	418	22	+	AGATACTGGCTCAATGGCGATTT	NA	-4	22	51.6420325067605	0.434782608695652
tyr82cys	382	405	23	+	ATTATTGGACATCGAGATACTGGC	NA	-18	23	51.9862354053112	0.416666666666667
tyr82cys	383	406	23	+	TTATTGGACATCGAGATACTGGCT	NA	-17	23	51.9862354053112	0.416666666666667
tyr82cys	384	407	23	+	TATTGGACATCGAGATACTGGCTC	NA	-16	23	53.6945687386446	0.458333333333333
tyr82cys	385	408	23	+	ATTGGACATCGAGATACTGGCTCA	NA	-15	23	53.6945687386446	0.458333333333333
tyr82cys	386	409	23	+	TTGGACATCGAGATACTGGCTCAA	NA	-14	23	53.6945687386446	0.458333333333333
tyr82cys	387	410	23	+	TGGACATCGAGATACTGGCTCAAT	NA	-13	23	53.6945687386446	0.458333333333333
tyr82cys	388	411	23	+	GGACATCGAGATACTGGCTCAATG	NA	-12	23	55.4029020719779	0.5
tyr82cys	389	412	23	+	GACATCGAGATACTGGCTCAATGG	NA	-11	23	55.4029020719779	0.5
tyr82cys	390	413	23	+	ACATCGAGATACTGGCTCAATGGC	NA	-10	23	55.4029020719779	0.5
tyr82cys	391	414	23	+	CATCGAGATACTGGCTCAATGGCG	NA	-9	23	57.1112354053112	0.541666666666667
tyr82cys	392	415	23	+	ATCGAGATACTGGCTCAATGGCGA	NA	-8	23	55.4029020719779	0.5
tyr82cys	393	416	23	+	TCGAGATACTGGCTCAATGGCGAT	NA	-7	23	55.4029020719779	0.5
tyr82cys	394	417	23	+	CGAGATACTGGCTCAATGGCGATT	NA	-6	23	55.4029020719779	0.5
tyr82cys	395	418	23	+	GAGATACTGGCTCAATGGCGATTT	NA	-5	23	53.6945687386446	0.458333333333333
tyr82cys	382	406	24	+	ATTATTGGACATCGAGATACTGGCT	NA	-18	24	52.3029020719779	0.4
tyr82cys	383	407	24	+	TTATTGGACATCGAGATACTGGCTC	NA	-17	24	53.9429020719779	0.44
tyr82cys	384	408	24	+	TATTGGACATCGAGATACTGGCTCA	NA	-16	24	53.9429020719779	0.44
tyr82cys	385	409	24	+	ATTGGACATCGAGATACTGGCTCAA	NA	-15	24	53.9429020719779	0.44
tyr82cys	386	410	24	+	TTGGACATCGAGATACTGGCTCAAT	NA	-14	24	53.9429020719779	0.44
tyr82cys	387	411	24	+	TGGACATCGAGATACTGGCTCAATG	NA	-13	24	55.5829020719779	0.48
tyr82cys	388	412	24	+	GGACATCGAGATACTGGCTCAATGG	NA	-12	24	57.2229020719779	0.52
tyr82cys	389	413	24	+	GACATCGAGATACTGGCTCAATGGC	NA	-11	24	57.2229020719779	0.52
tyr82cys	390	414	24	+	ACATCGAGATACTGGCTCAATGGCG	NA	-10	24	57.2229020719779	0.52
tyr82cys	391	415	24	+	CATCGAGATACTGGCTCAATGGCGA	NA	-9	24	57.2229020719779	0.52
tyr82cys	392	416	24	+	ATCGAGATACTGGCTCAATGGCGAT	NA	-8	24	55.5829020719779	0.48
tyr82cys	393	417	24	+	TCGAGATACTGGCTCAATGGCGATT	NA	-7	24	55.5829020719779	0.48
tyr82cys	394	418	24	+	CGAGATACTGGCTCAATGGCGATTT	NA	-6	24	55.5829020719779	0.48
tyr82cys	382	407	25	+	ATTATTGGACATCGAGATACTGGCTC	NA	-18	25	54.1721328412087	0.423076923076923
tyr82cys	383	408	25	+	TTATTGGACATCGAGATACTGGCTCA	NA	-17	25	54.1721328412087	0.423076923076923
tyr82cys	384	409	25	+	TATTGGACATCGAGATACTGGCTCAA	NA	-16	25	54.1721328412087	0.423076923076923
tyr82cys	385	410	25	+	ATTGGACATCGAGATACTGGCTCAAT	NA	-15	25	54.1721328412087	0.423076923076923
tyr82cys	386	411	25	+	TTGGACATCGAGATACTGGCTCAATG	NA	-14	25	55.7490559181317	0.461538461538462
tyr82cys	387	412	25	+	TGGACATCGAGATACTGGCTCAATGG	NA	-13	25	57.3259789950548	0.5
tyr82cys	388	413	25	+	GGACATCGAGATACTGGCTCAATGGC	NA	-12	25	58.9029020719779	0.538461538461538
tyr82cys	389	414	25	+	GACATCGAGATACTGGCTCAATGGCG	NA	-11	25	58.9029020719779	0.538461538461538
tyr82cys	390	415	25	+	ACATCGAGATACTGGCTCAATGGCGA	NA	-10	25	57.3259789950548	0.5
tyr82cys	391	416	25	+	CATCGAGATACTGGCTCAATGGCGAT	NA	-9	25	57.3259789950548	0.5
tyr82cys	392	417	25	+	ATCGAGATACTGGCTCAATGGCGATT	NA	-8	25	55.7490559181317	0.461538461538462
tyr82cys	393	418	25	+	TCGAGATACTGGCTCAATGGCGATTT	NA	-7	25	55.7490559181317	0.461538461538462
tyr82cys	385	404	19	+	ATTGGACATCCAGGTACTGG	NA	-15	19	50.4029020719779	0.5
tyr82cys	386	405	19	+	TTGGACATCCAGGTACTGGC	NA	-14	19	52.4529020719779	0.55
tyr82cys	387	406	19	+	TGGACATCCAGGTACTGGCT	NA	-13	19	52.4529020719779	0.55
tyr82cys	388	407	19	+	GGACATCCAGGTACTGGCTG	NA	-12	19	54.5029020719779	0.6
tyr82cys	389	408	19	+	GACATCCAGGTACTGGCTGA	NA	-11	19	52.4529020719779	0.55
tyr82cys	390	409	19	+	ACATCCAGGTACTGGCTGAA	NA	-10	19	50.4029020719779	0.5
tyr82cys	391	410	19	+	CATCCAGGTACTGGCTGAAT	NA	-9	19	50.4029020719779	0.5
tyr82cys	392	411	19	+	ATCCAGGTACTGGCTGAATG	NA	-8	19	50.4029020719779	0.5
tyr82cys	393	412	19	+	TCCAGGTACTGGCTGAATGG	NA	-7	19	52.4529020719779	0.55
tyr82cys	394	413	19	+	CCAGGTACTGGCTGAATGGA	NA	-6	19	52.4529020719779	0.55
tyr82cys	395	414	19	+	CAGGTACTGGCTGAATGGAG	NA	-5	19	52.4529020719779	0.55
tyr82cys	396	415	19	+	AGGTACTGGCTGAATGGAGA	NA	-4	19	50.4029020719779	0.5
tyr82cys	397	416	19	+	GGTACTGGCTGAATGGAGAT	NA	-3	19	50.4029020719779	0.5
tyr82cys	384	404	20	+	TATTGGACATCCAGGTACTGG	NA	-16	20	50.8552830243589	0.476190476190476
tyr82cys	385	405	20	+	ATTGGACATCCAGGTACTGGC	NA	-15	20	52.8076639767398	0.523809523809524
tyr82cys	386	406	20	+	TTGGACATCCAGGTACTGGCT	NA	-14	20	52.8076639767398	0.523809523809524
tyr82cys	387	407	20	+	TGGACATCCAGGTACTGGCTG	NA	-13	20	54.7600449291208	0.571428571428571
tyr82cys	388	408	20	+	GGACATCCAGGTACTGGCTGA	NA	-12	20	54.7600449291208	0.571428571428571
tyr82cys	389	409	20	+	GACATCCAGGTACTGGCTGAA	NA	-11	20	52.8076639767398	0.523809523809524
tyr82cys	390	410	20	+	ACATCCAGGTACTGGCTGAAT	NA	-10	20	50.8552830243589	0.476190476190476
tyr82cys	391	411	20	+	CATCCAGGTACTGGCTGAATG	NA	-9	20	52.8076639767398	0.523809523809524
tyr82cys	392	412	20	+	ATCCAGGTACTGGCTGAATGG	NA	-8	20	52.8076639767398	0.523809523809524
tyr82cys	393	413	20	+	TCCAGGTACTGGCTGAATGGA	NA	-7	20	52.8076639767398	0.523809523809524
tyr82cys	394	414	20	+	CCAGGTACTGGCTGAATGGAG	NA	-6	20	54.7600449291208	0.571428571428571
tyr82cys	395	415	20	+	CAGGTACTGGCTGAATGGAGA	NA	-5	20	52.8076639767398	0.523809523809524
tyr82cys	396	416	20	+	AGGTACTGGCTGAATGGAGAT	NA	-4	20	50.8552830243589	0.476190476190476
tyr82cys	397	417	20	+	GGTACTGGCTGAATGGAGATT	NA	-3	20	50.8552830243589	0.476190476190476
tyr82cys	383	404	21	+	TTATTGGACATCCAGGTACTGG	NA	-17	21	51.2665384356143	0.454545454545455
tyr82cys	384	405	21	+	TATTGGACATCCAGGTACTGGC	NA	-16	21	53.1301747992506	0.5
tyr82cys	385	406	21	+	ATTGGACATCCAGGTACTGGCT	NA	-15	21	53.1301747992506	0.5
tyr82cys	386	407	21	+	TTGGACATCCAGGTACTGGCTG	NA	-14	21	54.993811162887	0.545454545454545
tyr82cys	387	408	21	+	TGGACATCCAGGTACTGGCTGA	NA	-13	21	54.993811162887	0.545454545454545
tyr82cys	388	409	21	+	GGACATCCAGGTACTGGCTGAA	NA	-12	21	54.993811162887	0.545454545454545
tyr82cys	389	410	21	+	GACATCCAGGTACTGGCTGAAT	NA	-11	21	53.1301747992506	0.5
tyr82cys	390	411	21	+	ACATCCAGGTACTGGCTGAATG	NA	-10	21	53.1301747992506	0.5
tyr82cys	391	412	21	+	CATCCAGGTACTGGCTGAATGG	NA	-9	21	54.993811162887	0.545454545454545
tyr82cys	392	413	21	+	ATCCAGGTACTGGCTGAATGGA	NA	-8	21	53.1301747992506	0.5
tyr82cys	393	414	21	+	TCCAGGTACTGGCTGAATGGAG	NA	-7	21	54.993811162887	0.545454545454545
tyr82cys	394	415	21	+	CCAGGTACTGGCTGAATGGAGA	NA	-6	21	54.993811162887	0.545454545454545
tyr82cys	395	416	21	+	CAGGTACTGGCTGAATGGAGAT	NA	-5	21	53.1301747992506	0.5
tyr82cys	396	417	21	+	AGGTACTGGCTGAATGGAGATT	NA	-4	21	51.2665384356143	0.454545454545455
tyr82cys	397	418	21	+	GGTACTGGCTGAATGGAGATTT	NA	-3	21	51.2665384356143	0.454545454545455
tyr82cys	382	404	22	+	ATTATTGGACATCCAGGTACTGG	NA	-18	22	51.6420325067605	0.434782608695652
tyr82cys	383	405	22	+	TTATTGGACATCCAGGTACTGGC	NA	-17	22	53.4246412024127	0.478260869565217
tyr82cys	384	406	22	+	TATTGGACATCCAGGTACTGGCT	NA	-16	22	53.4246412024127	0.478260869565217
tyr82cys	385	407	22	+	ATTGGACATCCAGGTACTGGCTG	NA	-15	22	55.2072498980649	0.521739130434783
tyr82cys	386	408	22	+	TTGGACATCCAGGTACTGGCTGA	NA	-14	22	55.2072498980649	0.521739130434783
tyr82cys	387	409	22	+	TGGACATCCAGGTACTGGCTGAA	NA	-13	22	55.2072498980649	0.521739130434783
tyr82cys	388	410	22	+	GGACATCCAGGTACTGGCTGAAT	NA	-12	22	55.2072498980649	0.521739130434783
tyr82cys	389	411	22	+	GACATCCAGGTACTGGCTGAATG	NA	-11	22	55.2072498980649	0.521739130434783
tyr82cys	390	412	22	+	ACATCCAGGTACTGGCTGAATGG	NA	-10	22	55.2072498980649	0.521739130434783
tyr82cys	391	413	22	+	CATCCAGGTACTGGCTGAATGGA	NA	-9	22	55.2072498980649	0.521739130434783
tyr82cys	392	414	22	+	ATCCAGGTACTGGCTGAATGGAG	NA	-8	22	55.2072498980649	0.521739130434783
tyr82cys	393	415	22	+	TCCAGGTACTGGCTGAATGGAGA	NA	-7	22	55.2072498980649	0.521739130434783
tyr82cys	394	416	22	+	CCAGGTACTGGCTGAATGGAGAT	NA	-6	22	55.2072498980649	0.521739130434783
tyr82cys	395	417	22	+	CAGGTACTGGCTGAATGGAGATT	NA	-5	22	53.4246412024127	0.478260869565217
tyr82cys	396	418	22	+	AGGTACTGGCTGAATGGAGATTT	NA	-4	22	51.6420325067605	0.434782608695652
tyr82cys	382	405	23	+	ATTATTGGACATCCAGGTACTGGC	NA	-18	23	53.6945687386446	0.458333333333333
tyr82cys	383	406	23	+	TTATTGGACATCCAGGTACTGGCT	NA	-17	23	53.6945687386446	0.458333333333333
tyr82cys	384	407	23	+	TATTGGACATCCAGGTACTGGCTG	NA	-16	23	55.4029020719779	0.5
tyr82cys	385	408	23	+	ATTGGACATCCAGGTACTGGCTGA	NA	-15	23	55.4029020719779	0.5
tyr82cys	386	409	23	+	TTGGACATCCAGGTACTGGCTGAA	NA	-14	23	55.4029020719779	0.5
tyr82cys	387	410	23	+	TGGACATCCAGGTACTGGCTGAAT	NA	-13	23	55.4029020719779	0.5
tyr82cys	388	411	23	+	GGACATCCAGGTACTGGCTGAATG	NA	-12	23	57.1112354053112	0.541666666666667
tyr82cys	389	412	23	+	GACATCCAGGTACTGGCTGAATGG	NA	-11	23	57.1112354053112	0.541666666666667
tyr82cys	390	413	23	+	ACATCCAGGTACTGGCTGAATGGA	NA	-10	23	55.4029020719779	0.5
tyr82cys	391	414	23	+	CATCCAGGTACTGGCTGAATGGAG	NA	-9	23	57.1112354053112	0.541666666666667
tyr82cys	392	415	23	+	ATCCAGGTACTGGCTGAATGGAGA	NA	-8	23	55.4029020719779	0.5
tyr82cys	393	416	23	+	TCCAGGTACTGGCTGAATGGAGAT	NA	-7	23	55.4029020719779	0.5
tyr82cys	394	417	23	+	CCAGGTACTGGCTGAATGGAGATT	NA	-6	23	55.4029020719779	0.5
tyr82cys	395	418	23	+	CAGGTACTGGCTGAATGGAGATTT	NA	-5	23	53.6945687386446	0.458333333333333
tyr82cys	382	406	24	+	ATTATTGGACATCCAGGTACTGGCT	NA	-18	24	53.9429020719779	0.44
tyr82cys	383	407	24	+	TTATTGGACATCCAGGTACTGGCTG	NA	-17	24	55.5829020719779	0.48
tyr82cys	384	408	24	+	TATTGGACATCCAGGTACTGGCTGA	NA	-16	24	55.5829020719779	0.48
tyr82cys	385	409	24	+	ATTGGACATCCAGGTACTGGCTGAA	NA	-15	24	55.5829020719779	0.48
tyr82cys	386	410	24	+	TTGGACATCCAGGTACTGGCTGAAT	NA	-14	24	55.5829020719779	0.48
tyr82cys	387	411	24	+	TGGACATCCAGGTACTGGCTGAATG	NA	-13	24	57.2229020719779	0.52
tyr82cys	388	412	24	+	GGACATCCAGGTACTGGCTGAATGG	NA	-12	24	58.8629020719779	0.56
tyr82cys	389	413	24	+	GACATCCAGGTACTGGCTGAATGGA	NA	-11	24	57.2229020719779	0.52
tyr82cys	390	414	24	+	ACATCCAGGTACTGGCTGAATGGAG	NA	-10	24	57.2229020719779	0.52
tyr82cys	391	415	24	+	CATCCAGGTACTGGCTGAATGGAGA	NA	-9	24	57.2229020719779	0.52
tyr82cys	392	416	24	+	ATCCAGGTACTGGCTGAATGGAGAT	NA	-8	24	55.5829020719779	0.48
tyr82cys	393	417	24	+	TCCAGGTACTGGCTGAATGGAGATT	NA	-7	24	55.5829020719779	0.48
tyr82cys	394	418	24	+	CCAGGTACTGGCTGAATGGAGATTT	NA	-6	24	55.5829020719779	0.48
tyr82cys	382	407	25	+	ATTATTGGACATCCAGGTACTGGCTG	NA	-18	25	55.7490559181317	0.461538461538462
tyr82cys	383	408	25	+	TTATTGGACATCCAGGTACTGGCTGA	NA	-17	25	55.7490559181317	0.461538461538462
tyr82cys	384	409	25	+	TATTGGACATCCAGGTACTGGCTGAA	NA	-16	25	55.7490559181317	0.461538461538462
tyr82cys	385	410	25	+	ATTGGACATCCAGGTACTGGCTGAAT	NA	-15	25	55.7490559181317	0.461538461538462
tyr82cys	386	411	25	+	TTGGACATCCAGGTACTGGCTGAATG	NA	-14	25	57.3259789950548	0.5
tyr82cys	387	412	25	+	TGGACATCCAGGTACTGGCTGAATGG	NA	-13	25	58.9029020719779	0.538461538461538
tyr82cys	388	413	25	+	GGACATCCAGGTACTGGCTGAATGGA	NA	-12	25	58.9029020719779	0.538461538461538
tyr82cys	389	414	25	+	GACATCCAGGTACTGGCTGAATGGAG	NA	-11	25	58.9029020719779	0.538461538461538
tyr82cys	390	415	25	+	ACATCCAGGTACTGGCTGAATGGAGA	NA	-10	25	57.3259789950548	0.5
tyr82cys	391	416	25	+	CATCCAGGTACTGGCTGAATGGAGAT	NA	-9	25	57.3259789950548	0.5
tyr82cys	392	417	25	+	ATCCAGGTACTGGCTGAATGGAGATT	NA	-8	25	55.7490559181317	0.461538461538462
tyr82cys	393	418	25	+	TCCAGGTACTGGCTGAATGGAGATTT	NA	-7	25	55.7490559181317	0.461538461538462
tyr82cys	386	405	19	+	TTGGACATCCAGATACTGGC	NA	-14	19	50.4029020719779	0.5
tyr82cys	387	406	19	+	TGGACATCCAGATACTGGCT	NA	-13	19	50.4029020719779	0.5
tyr82cys	388	407	19	+	GGACATCCAGATACTGGCTA	NA	-12	19	50.4029020719779	0.5
tyr82cys	394	413	19	+	CCAGATACTGGCTAAATGGG	NA	-6	19	50.4029020719779	0.5
tyr82cys	395	414	19	+	CAGATACTGGCTAAATGGGG	NA	-5	19	50.4029020719779	0.5
tyr82cys	397	416	19	+	GATACTGGCTAAATGGGGAC	NA	-3	19	50.4029020719779	0.5
tyr82cys	385	405	20	+	ATTGGACATCCAGATACTGGC	NA	-15	20	50.8552830243589	0.476190476190476
tyr82cys	386	406	20	+	TTGGACATCCAGATACTGGCT	NA	-14	20	50.8552830243589	0.476190476190476
tyr82cys	387	407	20	+	TGGACATCCAGATACTGGCTA	NA	-13	20	50.8552830243589	0.476190476190476
tyr82cys	388	408	20	+	GGACATCCAGATACTGGCTAA	NA	-12	20	50.8552830243589	0.476190476190476
tyr82cys	393	413	20	+	TCCAGATACTGGCTAAATGGG	NA	-7	20	50.8552830243589	0.476190476190476
tyr82cys	394	414	20	+	CCAGATACTGGCTAAATGGGG	NA	-6	20	52.8076639767398	0.523809523809524
tyr82cys	395	415	20	+	CAGATACTGGCTAAATGGGGA	NA	-5	20	50.8552830243589	0.476190476190476
tyr82cys	396	416	20	+	AGATACTGGCTAAATGGGGAC	NA	-4	20	50.8552830243589	0.476190476190476
tyr82cys	397	417	20	+	GATACTGGCTAAATGGGGACT	NA	-3	20	50.8552830243589	0.476190476190476
tyr82cys	383	404	21	+	CTATTGGACATCCAGATACTGG	NA	-17	21	51.2665384356143	0.454545454545455
tyr82cys	384	405	21	+	TATTGGACATCCAGATACTGGC	NA	-16	21	51.2665384356143	0.454545454545455
tyr82cys	385	406	21	+	ATTGGACATCCAGATACTGGCT	NA	-15	21	51.2665384356143	0.454545454545455
tyr82cys	386	407	21	+	TTGGACATCCAGATACTGGCTA	NA	-14	21	51.2665384356143	0.454545454545455
tyr82cys	387	408	21	+	TGGACATCCAGATACTGGCTAA	NA	-13	21	51.2665384356143	0.454545454545455
tyr82cys	388	409	21	+	GGACATCCAGATACTGGCTAAA	NA	-12	21	51.2665384356143	0.454545454545455
tyr82cys	391	412	21	+	CATCCAGATACTGGCTAAATGG	NA	-9	21	51.2665384356143	0.454545454545455
tyr82cys	392	413	21	+	ATCCAGATACTGGCTAAATGGG	NA	-8	21	51.2665384356143	0.454545454545455
tyr82cys	393	414	21	+	TCCAGATACTGGCTAAATGGGG	NA	-7	21	53.1301747992506	0.5
tyr82cys	394	415	21	+	CCAGATACTGGCTAAATGGGGA	NA	-6	21	53.1301747992506	0.5
tyr82cys	395	416	21	+	CAGATACTGGCTAAATGGGGAC	NA	-5	21	53.1301747992506	0.5
tyr82cys	396	417	21	+	AGATACTGGCTAAATGGGGACT	NA	-4	21	51.2665384356143	0.454545454545455
tyr82cys	397	418	21	+	GATACTGGCTAAATGGGGACTT	NA	-3	21	51.2665384356143	0.454545454545455
tyr82cys	382	404	22	+	ACTATTGGACATCCAGATACTGG	NA	-18	22	51.6420325067605	0.434782608695652
tyr82cys	383	405	22	+	CTATTGGACATCCAGATACTGGC	NA	-17	22	53.4246412024127	0.478260869565217
tyr82cys	384	406	22	+	TATTGGACATCCAGATACTGGCT	NA	-16	22	51.6420325067605	0.434782608695652
tyr82cys	385	407	22	+	ATTGGACATCCAGATACTGGCTA	NA	-15	22	51.6420325067605	0.434782608695652
tyr82cys	386	408	22	+	TTGGACATCCAGATACTGGCTAA	NA	-14	22	51.6420325067605	0.434782608695652
tyr82cys	387	409	22	+	TGGACATCCAGATACTGGCTAAA	NA	-13	22	51.6420325067605	0.434782608695652
tyr82cys	388	410	22	+	GGACATCCAGATACTGGCTAAAT	NA	-12	22	51.6420325067605	0.434782608695652
tyr82cys	389	411	22	+	GACATCCAGATACTGGCTAAATG	NA	-11	22	51.6420325067605	0.434782608695652
tyr82cys	390	412	22	+	ACATCCAGATACTGGCTAAATGG	NA	-10	22	51.6420325067605	0.434782608695652
tyr82cys	391	413	22	+	CATCCAGATACTGGCTAAATGGG	NA	-9	22	53.4246412024127	0.478260869565217
tyr82cys	392	414	22	+	ATCCAGATACTGGCTAAATGGGG	NA	-8	22	53.4246412024127	0.478260869565217
tyr82cys	393	415	22	+	TCCAGATACTGGCTAAATGGGGA	NA	-7	22	53.4246412024127	0.478260869565217
tyr82cys	394	416	22	+	CCAGATACTGGCTAAATGGGGAC	NA	-6	22	55.2072498980649	0.521739130434783
tyr82cys	395	417	22	+	CAGATACTGGCTAAATGGGGACT	NA	-5	22	53.4246412024127	0.478260869565217
tyr82cys	396	418	22	+	AGATACTGGCTAAATGGGGACTT	NA	-4	22	51.6420325067605	0.434782608695652
tyr82cys	382	405	23	+	ACTATTGGACATCCAGATACTGGC	NA	-18	23	53.6945687386446	0.458333333333333
tyr82cys	383	406	23	+	CTATTGGACATCCAGATACTGGCT	NA	-17	23	53.6945687386446	0.458333333333333
tyr82cys	384	407	23	+	TATTGGACATCCAGATACTGGCTA	NA	-16	23	51.9862354053112	0.416666666666667
tyr82cys	385	408	23	+	ATTGGACATCCAGATACTGGCTAA	NA	-15	23	51.9862354053112	0.416666666666667
tyr82cys	386	409	23	+	TTGGACATCCAGATACTGGCTAAA	NA	-14	23	51.9862354053112	0.416666666666667
tyr82cys	387	410	23	+	TGGACATCCAGATACTGGCTAAAT	NA	-13	23	51.9862354053112	0.416666666666667
tyr82cys	388	411	23	+	GGACATCCAGATACTGGCTAAATG	NA	-12	23	53.6945687386446	0.458333333333333
tyr82cys	389	412	23	+	GACATCCAGATACTGGCTAAATGG	NA	-11	23	53.6945687386446	0.458333333333333
tyr82cys	390	413	23	+	ACATCCAGATACTGGCTAAATGGG	NA	-10	23	53.6945687386446	0.458333333333333
tyr82cys	391	414	23	+	CATCCAGATACTGGCTAAATGGGG	NA	-9	23	55.4029020719779	0.5
tyr82cys	392	415	23	+	ATCCAGATACTGGCTAAATGGGGA	NA	-8	23	53.6945687386446	0.458333333333333
tyr82cys	393	416	23	+	TCCAGATACTGGCTAAATGGGGAC	NA	-7	23	55.4029020719779	0.5
tyr82cys	394	417	23	+	CCAGATACTGGCTAAATGGGGACT	NA	-6	23	55.4029020719779	0.5
tyr82cys	395	418	23	+	CAGATACTGGCTAAATGGGGACTT	NA	-5	23	53.6945687386446	0.458333333333333
tyr82cys	382	406	24	+	ACTATTGGACATCCAGATACTGGCT	NA	-18	24	53.9429020719779	0.44
tyr82cys	383	407	24	+	CTATTGGACATCCAGATACTGGCTA	NA	-17	24	53.9429020719779	0.44
tyr82cys	384	408	24	+	TATTGGACATCCAGATACTGGCTAA	NA	-16	24	52.3029020719779	0.4
tyr82cys	385	409	24	+	ATTGGACATCCAGATACTGGCTAAA	NA	-15	24	52.3029020719779	0.4
tyr82cys	386	410	24	+	TTGGACATCCAGATACTGGCTAAAT	NA	-14	24	52.3029020719779	0.4
tyr82cys	387	411	24	+	TGGACATCCAGATACTGGCTAAATG	NA	-13	24	53.9429020719779	0.44
tyr82cys	388	412	24	+	GGACATCCAGATACTGGCTAAATGG	NA	-12	24	55.5829020719779	0.48
tyr82cys	389	413	24	+	GACATCCAGATACTGGCTAAATGGG	NA	-11	24	55.5829020719779	0.48
tyr82cys	390	414	24	+	ACATCCAGATACTGGCTAAATGGGG	NA	-10	24	55.5829020719779	0.48
tyr82cys	391	415	24	+	CATCCAGATACTGGCTAAATGGGGA	NA	-9	24	55.5829020719779	0.48
tyr82cys	392	416	24	+	ATCCAGATACTGGCTAAATGGGGAC	NA	-8	24	55.5829020719779	0.48
tyr82cys	393	417	24	+	TCCAGATACTGGCTAAATGGGGACT	NA	-7	24	55.5829020719779	0.48
tyr82cys	394	418	24	+	CCAGATACTGGCTAAATGGGGACTT	NA	-6	24	55.5829020719779	0.48
tyr82cys	382	407	25	+	ACTATTGGACATCCAGATACTGGCTA	NA	-18	25	54.1721328412087	0.423076923076923
tyr82cys	383	408	25	+	CTATTGGACATCCAGATACTGGCTAA	NA	-17	25	54.1721328412087	0.423076923076923
tyr82cys	384	409	25	+	TATTGGACATCCAGATACTGGCTAAA	NA	-16	25	52.5952097642856	0.384615384615385
tyr82cys	385	410	25	+	ATTGGACATCCAGATACTGGCTAAAT	NA	-15	25	52.5952097642856	0.384615384615385
tyr82cys	386	411	25	+	TTGGACATCCAGATACTGGCTAAATG	NA	-14	25	54.1721328412087	0.423076923076923
tyr82cys	387	412	25	+	TGGACATCCAGATACTGGCTAAATGG	NA	-13	25	55.7490559181317	0.461538461538462
tyr82cys	388	413	25	+	GGACATCCAGATACTGGCTAAATGGG	NA	-12	25	57.3259789950548	0.5
tyr82cys	389	414	25	+	GACATCCAGATACTGGCTAAATGGGG	NA	-11	25	57.3259789950548	0.5
tyr82cys	390	415	25	+	ACATCCAGATACTGGCTAAATGGGGA	NA	-10	25	55.7490559181317	0.461538461538462
tyr82cys	391	416	25	+	CATCCAGATACTGGCTAAATGGGGAC	NA	-9	25	57.3259789950548	0.5
tyr82cys	392	417	25	+	ATCCAGATACTGGCTAAATGGGGACT	NA	-8	25	55.7490559181317	0.461538461538462
tyr82cys	393	418	25	+	TCCAGATACTGGCTAAATGGGGACTT	NA	-7	25	55.7490559181317	0.461538461538462
tyr82cys	385	404	19	+	ATTGGACATCCAGATGCTGG	NA	-15	19	50.4029020719779	0.5
tyr82cys	386	405	19	+	TTGGACATCCAGATGCTGGC	NA	-14	19	52.4529020719779	0.55
tyr82cys	387	406	19	+	TGGACATCCAGATGCTGGCT	NA	-13	19	52.4529020719779	0.55
tyr82cys	388	407	19	+	GGACATCCAGATGCTGGCTA	NA	-12	19	52.4529020719779	0.55
tyr82cys	389	408	19	+	GACATCCAGATGCTGGCTAA	NA	-11	19	50.4029020719779	0.5
tyr82cys	393	412	19	+	TCCAGATGCTGGCTAAATGG	NA	-7	19	50.4029020719779	0.5
tyr82cys	394	413	19	+	CCAGATGCTGGCTAAATGGG	NA	-6	19	52.4529020719779	0.55
tyr82cys	395	414	19	+	CAGATGCTGGCTAAATGGGG	NA	-5	19	52.4529020719779	0.55
tyr82cys	396	415	19	+	AGATGCTGGCTAAATGGGGA	NA	-4	19	50.4029020719779	0.5
tyr82cys	397	416	19	+	GATGCTGGCTAAATGGGGAT	NA	-3	19	50.4029020719779	0.5
tyr82cys	384	404	20	+	TATTGGACATCCAGATGCTGG	NA	-16	20	50.8552830243589	0.476190476190476
tyr82cys	385	405	20	+	ATTGGACATCCAGATGCTGGC	NA	-15	20	52.8076639767398	0.523809523809524
tyr82cys	386	406	20	+	TTGGACATCCAGATGCTGGCT	NA	-14	20	52.8076639767398	0.523809523809524
tyr82cys	387	407	20	+	TGGACATCCAGATGCTGGCTA	NA	-13	20	52.8076639767398	0.523809523809524
tyr82cys	388	408	20	+	GGACATCCAGATGCTGGCTAA	NA	-12	20	52.8076639767398	0.523809523809524
tyr82cys	389	409	20	+	GACATCCAGATGCTGGCTAAA	NA	-11	20	50.8552830243589	0.476190476190476
tyr82cys	391	411	20	+	CATCCAGATGCTGGCTAAATG	NA	-9	20	50.8552830243589	0.476190476190476
tyr82cys	392	412	20	+	ATCCAGATGCTGGCTAAATGG	NA	-8	20	50.8552830243589	0.476190476190476
tyr82cys	393	413	20	+	TCCAGATGCTGGCTAAATGGG	NA	-7	20	52.8076639767398	0.523809523809524
tyr82cys	394	414	20	+	CCAGATGCTGGCTAAATGGGG	NA	-6	20	54.7600449291208	0.571428571428571
tyr82cys	395	415	20	+	CAGATGCTGGCTAAATGGGGA	NA	-5	20	52.8076639767398	0.523809523809524
tyr82cys	396	416	20	+	AGATGCTGGCTAAATGGGGAT	NA	-4	20	50.8552830243589	0.476190476190476
tyr82cys	397	417	20	+	GATGCTGGCTAAATGGGGATT	NA	-3	20	50.8552830243589	0.476190476190476
tyr82cys	383	404	21	+	TTATTGGACATCCAGATGCTGG	NA	-17	21	51.2665384356143	0.454545454545455
tyr82cys	384	405	21	+	TATTGGACATCCAGATGCTGGC	NA	-16	21	53.1301747992506	0.5
tyr82cys	385	406	21	+	ATTGGACATCCAGATGCTGGCT	NA	-15	21	53.1301747992506	0.5
tyr82cys	386	407	21	+	TTGGACATCCAGATGCTGGCTA	NA	-14	21	53.1301747992506	0.5
tyr82cys	387	408	21	+	TGGACATCCAGATGCTGGCTAA	NA	-13	21	53.1301747992506	0.5
tyr82cys	388	409	21	+	GGACATCCAGATGCTGGCTAAA	NA	-12	21	53.1301747992506	0.5
tyr82cys	389	410	21	+	GACATCCAGATGCTGGCTAAAT	NA	-11	21	51.2665384356143	0.454545454545455
tyr82cys	390	411	21	+	ACATCCAGATGCTGGCTAAATG	NA	-10	21	51.2665384356143	0.454545454545455
tyr82cys	391	412	21	+	CATCCAGATGCTGGCTAAATGG	NA	-9	21	53.1301747992506	0.5
tyr82cys	392	413	21	+	ATCCAGATGCTGGCTAAATGGG	NA	-8	21	53.1301747992506	0.5
tyr82cys	393	414	21	+	TCCAGATGCTGGCTAAATGGGG	NA	-7	21	54.993811162887	0.545454545454545
tyr82cys	394	415	21	+	CCAGATGCTGGCTAAATGGGGA	NA	-6	21	54.993811162887	0.545454545454545
tyr82cys	395	416	21	+	CAGATGCTGGCTAAATGGGGAT	NA	-5	21	53.1301747992506	0.5
tyr82cys	396	417	21	+	AGATGCTGGCTAAATGGGGATT	NA	-4	21	51.2665384356143	0.454545454545455
tyr82cys	397	418	21	+	GATGCTGGCTAAATGGGGATTT	NA	-3	21	51.2665384356143	0.454545454545455
tyr82cys	382	404	22	+	ATTATTGGACATCCAGATGCTGG	NA	-18	22	51.6420325067605	0.434782608695652
tyr82cys	383	405	22	+	TTATTGGACATCCAGATGCTGGC	NA	-17	22	53.4246412024127	0.478260869565217
tyr82cys	384	406	22	+	TATTGGACATCCAGATGCTGGCT	NA	-16	22	53.4246412024127	0.478260869565217
tyr82cys	385	407	22	+	ATTGGACATCCAGATGCTGGCTA	NA	-15	22	53.4246412024127	0.478260869565217
tyr82cys	386	408	22	+	TTGGACATCCAGATGCTGGCTAA	NA	-14	22	53.4246412024127	0.478260869565217
tyr82cys	387	409	22	+	TGGACATCCAGATGCTGGCTAAA	NA	-13	22	53.4246412024127	0.478260869565217
tyr82cys	388	410	22	+	GGACATCCAGATGCTGGCTAAAT	NA	-12	22	53.4246412024127	0.478260869565217
tyr82cys	389	411	22	+	GACATCCAGATGCTGGCTAAATG	NA	-11	22	53.4246412024127	0.478260869565217
tyr82cys	390	412	22	+	ACATCCAGATGCTGGCTAAATGG	NA	-10	22	53.4246412024127	0.478260869565217
tyr82cys	391	413	22	+	CATCCAGATGCTGGCTAAATGGG	NA	-9	22	55.2072498980649	0.521739130434783
tyr82cys	392	414	22	+	ATCCAGATGCTGGCTAAATGGGG	NA	-8	22	55.2072498980649	0.521739130434783
tyr82cys	393	415	22	+	TCCAGATGCTGGCTAAATGGGGA	NA	-7	22	55.2072498980649	0.521739130434783
tyr82cys	394	416	22	+	CCAGATGCTGGCTAAATGGGGAT	NA	-6	22	55.2072498980649	0.521739130434783
tyr82cys	395	417	22	+	CAGATGCTGGCTAAATGGGGATT	NA	-5	22	53.4246412024127	0.478260869565217
tyr82cys	396	418	22	+	AGATGCTGGCTAAATGGGGATTT	NA	-4	22	51.6420325067605	0.434782608695652
tyr82cys	382	405	23	+	ATTATTGGACATCCAGATGCTGGC	NA	-18	23	53.6945687386446	0.458333333333333
tyr82cys	383	406	23	+	TTATTGGACATCCAGATGCTGGCT	NA	-17	23	53.6945687386446	0.458333333333333
tyr82cys	384	407	23	+	TATTGGACATCCAGATGCTGGCTA	NA	-16	23	53.6945687386446	0.458333333333333
tyr82cys	385	408	23	+	ATTGGACATCCAGATGCTGGCTAA	NA	-15	23	53.6945687386446	0.458333333333333
tyr82cys	386	409	23	+	TTGGACATCCAGATGCTGGCTAAA	NA	-14	23	53.6945687386446	0.458333333333333
tyr82cys	387	410	23	+	TGGACATCCAGATGCTGGCTAAAT	NA	-13	23	53.6945687386446	0.458333333333333
tyr82cys	388	411	23	+	GGACATCCAGATGCTGGCTAAATG	NA	-12	23	55.4029020719779	0.5
tyr82cys	389	412	23	+	GACATCCAGATGCTGGCTAAATGG	NA	-11	23	55.4029020719779	0.5
tyr82cys	390	413	23	+	ACATCCAGATGCTGGCTAAATGGG	NA	-10	23	55.4029020719779	0.5
tyr82cys	391	414	23	+	CATCCAGATGCTGGCTAAATGGGG	NA	-9	23	57.1112354053112	0.541666666666667
tyr82cys	392	415	23	+	ATCCAGATGCTGGCTAAATGGGGA	NA	-8	23	55.4029020719779	0.5
tyr82cys	393	416	23	+	TCCAGATGCTGGCTAAATGGGGAT	NA	-7	23	55.4029020719779	0.5
tyr82cys	394	417	23	+	CCAGATGCTGGCTAAATGGGGATT	NA	-6	23	55.4029020719779	0.5
tyr82cys	395	418	23	+	CAGATGCTGGCTAAATGGGGATTT	NA	-5	23	53.6945687386446	0.458333333333333
tyr82cys	382	406	24	+	ATTATTGGACATCCAGATGCTGGCT	NA	-18	24	53.9429020719779	0.44
tyr82cys	383	407	24	+	TTATTGGACATCCAGATGCTGGCTA	NA	-17	24	53.9429020719779	0.44
tyr82cys	384	408	24	+	TATTGGACATCCAGATGCTGGCTAA	NA	-16	24	53.9429020719779	0.44
tyr82cys	385	409	24	+	ATTGGACATCCAGATGCTGGCTAAA	NA	-15	24	53.9429020719779	0.44
tyr82cys	386	410	24	+	TTGGACATCCAGATGCTGGCTAAAT	NA	-14	24	53.9429020719779	0.44
tyr82cys	387	411	24	+	TGGACATCCAGATGCTGGCTAAATG	NA	-13	24	55.5829020719779	0.48
tyr82cys	388	412	24	+	GGACATCCAGATGCTGGCTAAATGG	NA	-12	24	57.2229020719779	0.52
tyr82cys	389	413	24	+	GACATCCAGATGCTGGCTAAATGGG	NA	-11	24	57.2229020719779	0.52
tyr82cys	390	414	24	+	ACATCCAGATGCTGGCTAAATGGGG	NA	-10	24	57.2229020719779	0.52
tyr82cys	391	415	24	+	CATCCAGATGCTGGCTAAATGGGGA	NA	-9	24	57.2229020719779	0.52
tyr82cys	392	416	24	+	ATCCAGATGCTGGCTAAATGGGGAT	NA	-8	24	55.5829020719779	0.48
tyr82cys	393	417	24	+	TCCAGATGCTGGCTAAATGGGGATT	NA	-7	24	55.5829020719779	0.48
tyr82cys	394	418	24	+	CCAGATGCTGGCTAAATGGGGATTT	NA	-6	24	55.5829020719779	0.48
tyr82cys	382	407	25	+	ATTATTGGACATCCAGATGCTGGCTA	NA	-18	25	54.1721328412087	0.423076923076923
tyr82cys	383	408	25	+	TTATTGGACATCCAGATGCTGGCTAA	NA	-17	25	54.1721328412087	0.423076923076923
tyr82cys	384	409	25	+	TATTGGACATCCAGATGCTGGCTAAA	NA	-16	25	54.1721328412087	0.423076923076923
tyr82cys	385	410	25	+	ATTGGACATCCAGATGCTGGCTAAAT	NA	-15	25	54.1721328412087	0.423076923076923
tyr82cys	386	411	25	+	TTGGACATCCAGATGCTGGCTAAATG	NA	-14	25	55.7490559181317	0.461538461538462
tyr82cys	387	412	25	+	TGGACATCCAGATGCTGGCTAAATGG	NA	-13	25	57.3259789950548	0.5
tyr82cys	388	413	25	+	GGACATCCAGATGCTGGCTAAATGGG	NA	-12	25	58.9029020719779	0.538461538461538
tyr82cys	389	414	25	+	GACATCCAGATGCTGGCTAAATGGGG	NA	-11	25	58.9029020719779	0.538461538461538
tyr82cys	390	415	25	+	ACATCCAGATGCTGGCTAAATGGGGA	NA	-10	25	57.3259789950548	0.5
tyr82cys	391	416	25	+	CATCCAGATGCTGGCTAAATGGGGAT	NA	-9	25	57.3259789950548	0.5
tyr82cys	392	417	25	+	ATCCAGATGCTGGCTAAATGGGGATT	NA	-8	25	55.7490559181317	0.461538461538462
tyr82cys	393	418	25	+	TCCAGATGCTGGCTAAATGGGGATTT	NA	-7	25	55.7490559181317	0.461538461538462
tyr82cys	281	301	20	+	AGCCGCCCCAGGGAACCTCGT	NA	-119	20	60.6171877862636	0.714285714285714
tyr82cys	287	307	20	+	CCCAGGGAACCTCGTGCCCGT	NA	-113	20	60.6171877862636	0.714285714285714
tyr82cys	288	308	20	+	CCAGGGAACCTCGTGCCCGTC	NA	-112	20	60.6171877862636	0.714285714285714
tyr82cys	291	311	20	+	GGGAACCTCGTGCCCGTCTGC	NA	-109	20	60.6171877862636	0.714285714285714
tyr82cys	295	315	20	+	ACCTCGTGCCCGTCTGCTGGG	NA	-105	20	60.6171877862636	0.714285714285714
tyr82cys	298	318	20	+	TCGTGCCCGTCTGCTGGGGCA	NA	-102	20	60.6171877862636	0.714285714285714
tyr82cys	299	319	20	+	CGTGCCCGTCTGCTGGGGCAA	NA	-101	20	60.6171877862636	0.714285714285714
tyr82cys	302	322	20	+	GCCCGTCTGCTGGGGCAAAGG	NA	-98	20	60.6171877862636	0.714285714285714
tyr82cys	288	309	21	+	CCAGGGAACCTCGTGCCCGTCT	NA	-112	21	60.5847202537961	0.681818181818182
tyr82cys	289	310	21	+	CAGGGAACCTCGTGCCCGTCTG	NA	-111	21	60.5847202537961	0.681818181818182
tyr82cys	290	311	21	+	AGGGAACCTCGTGCCCGTCTGC	NA	-110	21	60.5847202537961	0.681818181818182
tyr82cys	291	312	21	+	GGGAACCTCGTGCCCGTCTGCT	NA	-109	21	60.5847202537961	0.681818181818182
tyr82cys	292	313	21	+	GGAACCTCGTGCCCGTCTGCTG	NA	-108	21	60.5847202537961	0.681818181818182
tyr82cys	293	314	21	+	GAACCTCGTGCCCGTCTGCTGG	NA	-107	21	60.5847202537961	0.681818181818182
tyr82cys	294	315	21	+	AACCTCGTGCCCGTCTGCTGGG	NA	-106	21	60.5847202537961	0.681818181818182
tyr82cys	298	319	21	+	TCGTGCCCGTCTGCTGGGGCAA	NA	-102	21	60.5847202537961	0.681818181818182
tyr82cys	299	320	21	+	CGTGCCCGTCTGCTGGGGCAAA	NA	-101	21	60.5847202537961	0.681818181818182
tyr82cys	300	321	21	+	GTGCCCGTCTGCTGGGGCAAAG	NA	-100	21	60.5847202537961	0.681818181818182
tyr82cys	301	322	21	+	TGCCCGTCTGCTGGGGCAAAGG	NA	-99	21	60.5847202537961	0.681818181818182
tyr82cys	302	323	21	+	GCCCGTCTGCTGGGGCAAAGGA	NA	-98	21	60.5847202537961	0.681818181818182
tyr82cys	303	324	21	+	CCCGTCTGCTGGGGCAAAGGAG	NA	-97	21	60.5847202537961	0.681818181818182
tyr82cys	304	325	21	+	CCGTCTGCTGGGGCAAAGGAGC	NA	-96	21	60.5847202537961	0.681818181818182
tyr82cys	305	326	21	+	CGTCTGCTGGGGCAAAGGAGCC	NA	-95	21	60.5847202537961	0.681818181818182
tyr82cys	310	331	21	+	GCTGGGGCAAAGGAGCCTGTCC	NA	-90	21	60.5847202537961	0.681818181818182
tyr82cys	290	312	22	+	AGGGAACCTCGTGCCCGTCTGCT	NA	-110	22	60.5550759850214	0.652173913043478
tyr82cys	298	320	22	+	TCGTGCCCGTCTGCTGGGGCAAA	NA	-102	22	60.5550759850214	0.652173913043478
tyr82cys	301	323	22	+	TGCCCGTCTGCTGGGGCAAAGGA	NA	-99	22	60.5550759850214	0.652173913043478
tyr82cys	305	327	22	+	CGTCTGCTGGGGCAAAGGAGCCT	NA	-95	22	60.5550759850214	0.652173913043478
tyr82cys	306	328	22	+	GTCTGCTGGGGCAAAGGAGCCTG	NA	-94	22	60.5550759850214	0.652173913043478
tyr82cys	308	330	22	+	CTGCTGGGGCAAAGGAGCCTGTC	NA	-92	22	60.5550759850214	0.652173913043478
tyr82cys	309	331	22	+	TGCTGGGGCAAAGGAGCCTGTCC	NA	-91	22	60.5550759850214	0.652173913043478
tyr82cys	310	332	22	+	GCTGGGGCAAAGGAGCCTGTCCT	NA	-90	22	60.5550759850214	0.652173913043478
tyr82cys	311	333	22	+	CTGGGGCAAAGGAGCCTGTCCTG	NA	-89	22	60.5550759850214	0.652173913043478
tyr82cys	313	335	22	+	GGGGCAAAGGAGCCTGTCCTGTG	NA	-87	22	60.5550759850214	0.652173913043478
tyr82cys	306	329	23	+	GTCTGCTGGGGCAAAGGAGCCTGT	NA	-94	23	60.5279020719779	0.625
tyr82cys	307	330	23	+	TCTGCTGGGGCAAAGGAGCCTGTC	NA	-93	23	60.5279020719779	0.625
tyr82cys	309	332	23	+	TGCTGGGGCAAAGGAGCCTGTCCT	NA	-91	23	60.5279020719779	0.625
tyr82cys	311	334	23	+	CTGGGGCAAAGGAGCCTGTCCTGT	NA	-89	23	60.5279020719779	0.625
tyr82cys	312	335	23	+	TGGGGCAAAGGAGCCTGTCCTGTG	NA	-88	23	60.5279020719779	0.625
tyr82cys	313	336	23	+	GGGGCAAAGGAGCCTGTCCTGTGT	NA	-87	23	60.5279020719779	0.625
tyr82cys	343	366	23	+	GTGGCAACGTGGTGCTCAGGACTG	NA	-57	23	60.5279020719779	0.625
tyr82cys	312	336	24	+	TGGGGCAAAGGAGCCTGTCCTGTGT	NA	-88	24	60.5029020719779	0.6
tyr82cys	313	337	24	+	GGGGCAAAGGAGCCTGTCCTGTGTT	NA	-87	24	60.5029020719779	0.6
tyr82cys	342	366	24	+	TGTGGCAACGTGGTGCTCAGGACTG	NA	-58	24	60.5029020719779	0.6
tyr82cys	343	367	24	+	GTGGCAACGTGGTGCTCAGGACTGA	NA	-57	24	60.5029020719779	0.6
tyr82cys	345	369	24	+	GGCAACGTGGTGCTCAGGACTGATG	NA	-55	24	60.5029020719779	0.6
tyr82cys	312	337	25	+	TGGGGCAAAGGAGCCTGTCCTGTGTT	NA	-88	25	60.479825148901	0.576923076923077
tyr82cys	313	338	25	+	GGGGCAAAGGAGCCTGTCCTGTGTTT	NA	-87	25	60.479825148901	0.576923076923077
tyr82cys	314	339	25	+	GGGCAAAGGAGCCTGTCCTGTGTTTG	NA	-86	25	60.479825148901	0.576923076923077
tyr82cys	339	364	25	+	GAATGTGGCAACGTGGTGCTCAGGAC	NA	-61	25	60.479825148901	0.576923076923077
tyr82cys	341	366	25	+	ATGTGGCAACGTGGTGCTCAGGACTG	NA	-59	25	60.479825148901	0.576923076923077
tyr82cys	342	367	25	+	TGTGGCAACGTGGTGCTCAGGACTGA	NA	-58	25	60.479825148901	0.576923076923077
tyr82cys	343	368	25	+	GTGGCAACGTGGTGCTCAGGACTGAT	NA	-57	25	60.479825148901	0.576923076923077
tyr82cys	344	369	25	+	TGGCAACGTGGTGCTCAGGACTGATG	NA	-56	25	60.479825148901	0.576923076923077
tyr82cys	345	370	25	+	GGCAACGTGGTGCTCAGGACTGATGA	NA	-55	25	60.479825148901	0.576923076923077
tyr82cys	350	375	25	+	CGTGGTGCTCAGGACTGATGAAAGGG	NA	-50	25	60.479825148901	0.576923076923077
tyr82cys	481	503	22	+	GCTGCCGGATCCAAATCCCAGGC	NA	81	22	60.5550759850214	0.652173913043478
tyr82cys	465	488	23	+	GACAGTGGGATCTACTGCTGCCGG	NA	65	23	60.5279020719779	0.625
tyr82cys	469	492	23	+	GTGGGATCTACTGCTGCCGGATCC	NA	69	23	60.5279020719779	0.625
tyr82cys	479	502	23	+	CTGCTGCCGGATCCAAATCCCAGG	NA	79	23	60.5279020719779	0.625
tyr82cys	480	503	23	+	TGCTGCCGGATCCAAATCCCAGGC	NA	80	23	60.5279020719779	0.625
tyr82cys	481	504	23	+	GCTGCCGGATCCAAATCCCAGGCA	NA	81	23	60.5279020719779	0.625
tyr82cys	462	486	24	+	GCAGACAGTGGGATCTACTGCTGCC	NA	62	24	60.5029020719779	0.6
tyr82cys	463	487	24	+	CAGACAGTGGGATCTACTGCTGCCG	NA	63	24	60.5029020719779	0.6
tyr82cys	464	488	24	+	AGACAGTGGGATCTACTGCTGCCGG	NA	64	24	60.5029020719779	0.6
tyr82cys	465	489	24	+	GACAGTGGGATCTACTGCTGCCGGA	NA	65	24	60.5029020719779	0.6
tyr82cys	467	491	24	+	CAGTGGGATCTACTGCTGCCGGATC	NA	67	24	60.5029020719779	0.6
tyr82cys	468	492	24	+	AGTGGGATCTACTGCTGCCGGATCC	NA	68	24	60.5029020719779	0.6
tyr82cys	469	493	24	+	GTGGGATCTACTGCTGCCGGATCCA	NA	69	24	60.5029020719779	0.6
tyr82cys	478	502	24	+	ACTGCTGCCGGATCCAAATCCCAGG	NA	78	24	60.5029020719779	0.6
tyr82cys	480	504	24	+	TGCTGCCGGATCCAAATCCCAGGCA	NA	80	24	60.5029020719779	0.6
tyr82cys	481	505	24	+	GCTGCCGGATCCAAATCCCAGGCAT	NA	81	24	60.5029020719779	0.6
tyr82cys	461	486	25	+	AGCAGACAGTGGGATCTACTGCTGCC	NA	61	25	60.479825148901	0.576923076923077
tyr82cys	464	489	25	+	AGACAGTGGGATCTACTGCTGCCGGA	NA	64	25	60.479825148901	0.576923076923077
tyr82cys	465	490	25	+	GACAGTGGGATCTACTGCTGCCGGAT	NA	65	25	60.479825148901	0.576923076923077
tyr82cys	466	491	25	+	ACAGTGGGATCTACTGCTGCCGGATC	NA	66	25	60.479825148901	0.576923076923077
tyr82cys	468	493	25	+	AGTGGGATCTACTGCTGCCGGATCCA	NA	68	25	60.479825148901	0.576923076923077
tyr82cys	469	494	25	+	GTGGGATCTACTGCTGCCGGATCCAA	NA	69	25	60.479825148901	0.576923076923077
tyr82cys	476	501	25	+	CTACTGCTGCCGGATCCAAATCCCAG	NA	76	25	60.479825148901	0.576923076923077
tyr82cys	477	502	25	+	TACTGCTGCCGGATCCAAATCCCAGG	NA	77	25	60.479825148901	0.576923076923077
tyr82cys	480	505	25	+	TGCTGCCGGATCCAAATCCCAGGCAT	NA	80	25	60.479825148901	0.576923076923077
tyr82cys	481	506	25	+	GCTGCCGGATCCAAATCCCAGGCATA	NA	81	25	60.479825148901	0.576923076923077
